group,year,female,age,rank,group_size,died,days_survived_this_year_this_group,idx_groom,idx_support,idx_forage
1,2002,1,32,0,35.80334728,0,365,1,1,1
1,2016,2,5,0.134065939,18.34782609,1,171,2,3,3
5,2002,3,28,0.400912511,30,0,365,3,4,4
5,2003,3,29,0.459409105,30.04225352,0,365,4,5,5
5,2004,3,30,0.454075359,33.36315789,0,366,5,6,6
5,2005,3,31,0.397502906,34.20114943,0,365,6,7,7
5,2006,3,32,0.377620549,37.37423313,0,365,7,8,8
5,2007,3,33,0.326792184,31.3852459,0,365,8,9,9
5,2008,3,34,0.239307616,17.8375,0,366,9,10,10
5,2009,3,35,0.252286369,19.21518987,0,365,10,11,11
5,2010,3,36,0.252999722,19.92,0,365,11,12,12
5,2011,3,37,0.201276791,22.3030303,0,365,12,13,13
5,2012,3,38,0.188029239,23.41071429,0,366,13,14,14
5,2013,3,39,0.287121222,18.83333333,1,105,14,15,15
11,2017,4,9,0.18176655,26.53333333,0,365,15,20,20
11,2018,4,10,0.249186209,24.96296296,0,365,16,21,21
11,2017,5,8,0.08189623,26.53333333,0,365,17,26,26
11,2018,5,9,0.028900477,24.96296296,0,365,18,27,27
6,2004,6,5,0.19837415,10.81355932,0,366,19,28,28
6,2005,6,6,0.276471769,14.42028986,0,365,20,29,29
6,2006,6,7,0.247357178,16.67105263,0,365,21,30,30
6,2007,6,8,0.272264715,18.66666667,0,365,22,31,31
6,2009,6,10,0.296287231,16.07017544,0,365,23,33,33
6,2010,6,11,0.264049097,16,0,365,24,34,34
6,2011,6,12,0.298842282,18.66666667,1,305,25,35,35
3,2007,7,9,0.161706353,4.904761905,0,19,26,36,36
5,2003,7,5,0.120597025,30.04225352,0,365,27,37,37
5,2004,7,6,0.196087852,33.36315789,0,366,28,38,38
5,2005,7,7,0.264566825,34.20114943,0,365,29,39,39
5,2006,7,8,0.324534104,37.37423313,0,365,30,40,40
5,2007,7,9,0.272314666,31.3852459,0,346,31,41,41
5,2008,7,10,0.315804473,17.8375,0,366,32,42,42
5,2009,7,11,0.296287227,19.21518987,0,365,33,43,43
5,2010,7,12,0.39367005,19.92,0,365,34,44,44
5,2011,7,13,0.469249118,22.3030303,0,365,35,45,45
5,2012,7,14,0.572084237,23.41071429,1,278,36,46,46
6,2014,8,5,0.125422527,22.15555556,0,365,37,47,47
6,2015,8,6,0.176950445,22.69387755,0,365,38,48,48
6,2016,8,7,0.207794616,23.7037037,0,366,39,49,49
6,2017,8,8,0.237500594,26.72727273,0,365,40,50,50
6,2018,8,9,0.251493335,27.25,0,365,41,51,51
6,2019,8,10,0.26709207,30.2962963,0,365,42,52,52
5,2002,9,8,0.748353097,30,0,365,43,53,53
5,2003,9,9,0.67844229,30.04225352,0,365,44,54,54
5,2004,9,10,0.579336525,33.36315789,0,366,45,55,55
5,2005,9,11,0.543058628,34.20114943,0,365,46,56,56
5,2006,9,12,0.57915306,37.37423313,0,365,47,57,57
5,2007,9,13,0.628662068,31.3852459,0,200,48,58,58
9,2007,9,13,0.606302296,12.40909091,0,165,49,59,59
9,2008,9,14,0.50062667,15.85555556,0,366,50,60,60
9,2009,9,15,0.514353974,18.92405063,0,365,51,61,61
9,2010,9,16,0.546244376,21.06896552,0,365,52,62,62
9,2011,9,17,0.640691943,23.73684211,0,365,53,63,63
9,2012,9,18,0.620568348,24.75925926,0,366,54,64,64
9,2013,9,19,0.644300241,26.4,0,365,55,65,65
9,2014,9,20,0.656556379,27.9,0,365,56,66,66
9,2015,9,21,0.657661796,26,1,295,57,67,67
10,2003,10,36,0.690678237,36.8202765,0,365,58,69,69
10,2004,10,37,0.759596471,29.56989247,1,237,59,70,70
5,2007,11,5,0.244123621,31.3852459,0,365,60,71,71
5,2008,11,6,0.637505821,17.8375,0,366,61,72,72
5,2009,11,7,0.756247549,19.21518987,0,365,62,73,73
5,2010,11,8,0.828845639,19.92,0,365,63,74,74
5,2011,11,9,0.803829834,22.3030303,0,365,64,75,75
5,2012,11,10,0.788497374,23.41071429,0,366,65,76,76
5,2013,11,11,0.758065013,18.83333333,0,365,66,77,77
5,2014,11,12,0.769178119,16.55555556,0,365,67,78,78
5,2015,11,13,0.813089193,15.74285714,0,365,68,79,79
5,2016,11,14,0.711514834,11.88888889,0,366,69,80,80
5,2017,11,15,0.758836145,14.36,0,365,70,81,81
5,2018,11,16,0.8612047,16.33333333,0,365,71,82,82
5,2019,11,17,0.834820573,18.25,0,365,72,83,83
1,2002,12,9,0.516491501,35.80334728,0,365,73,84,84
1,2003,12,10,0.568087349,28.18828452,0,365,74,85,85
1,2004,12,11,0.475754939,17.22282609,0,366,75,86,86
1,2005,12,12,0.395957328,20.05128205,0,365,76,87,87
1,2006,12,13,0.393364814,22.12328767,0,365,77,88,88
1,2007,12,14,0.322757021,21.825,0,365,78,89,89
1,2008,12,15,0.369523879,22.63207547,0,366,79,90,90
1,2009,12,16,0.341033028,24.51351351,0,365,80,91,91
1,2010,12,17,0.371647553,26.5942029,0,365,81,92,92
1,2011,12,18,0.390231048,29.53968254,0,365,82,93,93
1,2012,12,19,0.44145287,30.08737864,0,290,83,94,94
2,2012,12,19,0.812831615,6.666666667,0,76,84,95,95
2,2013,12,20,0.763374669,12.55555556,0,365,85,96,96
2,2014,12,21,0.806419865,14,0,365,86,97,97
2,2015,12,22,0.768516214,14.56521739,0,365,87,98,98
2,2016,12,23,0.748170998,14.6875,0,366,88,99,99
2,2017,12,24,0.632060863,18.59615385,0,365,89,100,100
2,2018,12,25,0.635026348,17.5,0,365,90,101,101
2,2019,12,26,0.651986535,17.39130435,1,118,91,102,102
11,2005,13,12,0.230297484,16.66666667,0,365,92,104,104
11,2006,13,13,0.237940952,13.2,0,365,93,105,105
11,2009,13,16,0.296917177,24.66666667,0,365,94,107,107
11,2010,13,17,0.316192813,25.14705882,0,365,95,108,108
11,2011,13,18,0.203771283,26.76666667,0,365,96,109,109
11,2012,13,19,0.178329668,29.375,1,237,97,110,110
2,2013,14,11,0.364744384,12.55555556,0,194,98,111,111
2,2014,14,12,0.389272019,14,0,365,99,112,112
2,2015,14,13,0.330303038,14.56521739,1,223,100,113,113
3,2007,14,5,0.11646465,4.904761905,0,302,101,114,114
3,2008,14,6,0.070413439,5.6,0,366,102,115,115
3,2009,14,7,0.260433606,5.333333333,0,365,103,116,116
3,2010,14,8,0.264862922,7.571428571,0,365,104,117,117
3,2011,14,9,0.382348855,9.24,0,365,105,118,118
3,2012,14,10,0.654107198,8.388888889,0,366,106,119,119
7,2007,14,5,0.256553229,15.7,0,63,107,120,120
5,2012,15,5,0.669953599,23.41071429,0,366,108,121,121
5,2013,15,6,0.652484724,18.83333333,1,347,109,122,122
1,2004,16,5,0.670230691,17.22282609,0,366,110,123,123
1,2005,16,6,0.722922582,20.05128205,0,365,111,124,124
1,2006,16,7,0.76265651,22.12328767,1,331,112,125,125
5,2002,17,9,0.516972608,30,0,365,113,126,126
5,2003,17,10,0.516525864,30.04225352,0,365,114,127,127
5,2004,17,11,0.49906341,33.36315789,0,366,115,128,128
5,2005,17,12,0.508916693,34.20114943,0,365,116,129,129
5,2006,17,13,0.488205533,37.37423313,0,365,117,130,130
5,2007,17,14,0.574063286,31.3852459,0,365,118,131,131
5,2008,17,15,0.832539368,17.8375,0,366,119,132,132
5,2009,17,16,0.843681006,19.21518987,0,365,120,133,133
5,2010,17,17,0.796841384,19.92,0,365,121,134,134
5,2011,17,18,0.809052085,22.3030303,0,365,122,135,135
5,2012,17,19,0.811422122,23.41071429,0,366,123,136,136
5,2013,17,20,0.808913022,18.83333333,0,365,124,137,137
5,2014,17,21,0.796784411,16.55555556,0,365,125,138,138
5,2015,17,22,0.843526398,15.74285714,0,365,126,139,139
5,2016,17,23,0.744080317,11.88888889,0,366,127,140,140
5,2017,17,24,0.760269153,14.36,0,365,128,141,141
5,2018,17,25,0.735975176,16.33333333,0,365,129,142,142
5,2019,17,26,0.811672376,18.25,0,365,130,143,143
3,2007,18,7,0.241581495,4.904761905,0,302,131,144,144
3,2008,18,8,0.283936547,5.6,0,366,132,145,145
3,2009,18,9,0.471176913,5.333333333,0,365,133,146,146
3,2010,18,10,0.687229432,7.571428571,0,365,134,147,147
3,2011,18,11,0.628325321,9.24,0,365,135,148,148
3,2012,18,12,0.565079391,8.388888889,1,73,136,149,149
5,2007,18,7,0.083333333,31.3852459,0,365,137,150,150
7,2005,18,5,0.184490301,15.375,0,365,138,151,151
7,2006,18,6,0.289442791,17.23728814,0,365,139,152,152
7,2007,18,7,0.296744575,15.7,0,63,140,153,153
5,2003,19,5,0.173751165,30.04225352,0,365,141,154,154
5,2004,19,6,0.174928411,33.36315789,0,366,142,155,155
5,2005,19,7,0.19129763,34.20114943,0,365,143,156,156
5,2006,19,8,0.270714988,37.37423313,0,365,144,157,157
5,2007,19,9,0.250898155,31.3852459,0,365,145,158,158
5,2008,19,10,0.299897844,17.8375,0,366,146,159,159
5,2009,19,11,0.353901447,19.21518987,0,365,147,160,160
5,2010,19,12,0.405512573,19.92,0,365,148,161,161
5,2011,19,13,0.412162364,22.3030303,0,365,149,162,162
5,2012,19,14,0.423788437,23.41071429,0,366,150,163,163
5,2013,19,15,0.518279914,18.83333333,0,365,151,164,164
5,2014,19,16,0.592240188,16.55555556,0,365,152,165,165
5,2015,19,17,0.463426596,15.74285714,0,365,153,166,166
5,2016,19,18,0.266806734,11.88888889,0,366,154,167,167
5,2017,19,19,0.223511665,14.36,0,365,155,168,168
5,2018,19,20,0.219470353,16.33333333,0,365,156,169,169
5,2019,19,21,0.336378746,18.25,0,365,157,170,170
3,2007,20,19,0.578157095,4.904761905,0,302,158,171,171
3,2008,20,20,0.661655609,5.6,0,366,159,172,172
3,2009,20,21,0.683662214,5.333333333,0,365,160,173,173
3,2010,20,22,0.788484859,7.571428571,0,365,161,174,174
3,2011,20,23,0.637266323,9.24,0,365,162,175,175
3,2012,20,24,0.629315495,8.388888889,1,94,163,176,176
7,2005,20,17,0.403291159,15.375,0,365,164,178,178
7,2006,20,18,0.401730673,17.23728814,0,365,165,179,179
7,2007,20,19,0.45155626,15.7,0,63,166,180,180
10,2003,20,15,0.278334143,36.8202765,0,365,167,182,182
10,2004,20,16,0.319787091,29.56989247,0,93,168,183,183
5,2014,21,5,0.585935435,16.55555556,0,365,169,184,184
5,2015,21,6,0.665022461,15.74285714,0,365,170,185,185
5,2016,21,7,0.588101069,11.88888889,0,366,171,186,186
5,2017,21,8,0.655658437,14.36,0,365,172,187,187
5,2018,21,9,0.633353409,16.33333333,0,365,173,188,188
5,2019,21,10,0.687149068,18.25,0,365,174,189,189
4,2013,22,5,0.395306088,11.46666667,0,365,175,190,190
4,2014,22,6,0.562500015,11,0,365,176,191,191
4,2015,22,7,0.650000016,10,0,365,177,192,192
1,2006,23,5,0.408786349,22.12328767,0,365,178,193,193
1,2007,23,6,0.624788907,21.825,0,365,179,194,194
1,2008,23,7,0.770720045,22.63207547,0,366,180,195,195
1,2009,23,8,0.863714845,24.51351351,0,365,181,196,196
1,2010,23,9,0.914074456,26.5942029,0,365,182,197,197
1,2011,23,10,0.880312729,29.53968254,0,365,183,198,198
1,2012,23,11,0.935596916,30.08737864,0,366,184,199,199
1,2013,23,12,0.865713688,29.83116883,0,365,185,200,200
1,2014,23,13,0.817539858,30.8,0,365,186,201,201
1,2015,23,14,0.850000598,21.42857143,0,365,187,202,202
1,2016,23,15,0.87530304,18.34782609,0,366,188,203,203
1,2017,23,16,0.868099135,21.91111111,0,365,189,204,204
1,2018,23,17,0.919317764,22.05405405,1,300,190,205,205
1,2002,24,15,0.759625511,35.80334728,0,365,191,206,206
1,2003,24,16,0.754177357,28.18828452,0,365,192,207,207
1,2004,24,17,0.735035509,17.22282609,0,366,193,208,208
1,2005,24,18,0.646868054,20.05128205,0,365,194,209,209
1,2006,24,19,0.668030769,22.12328767,0,365,195,210,210
1,2007,24,20,0.742555026,21.825,0,365,196,211,211
1,2008,24,21,0.751342433,22.63207547,0,366,197,212,212
1,2009,24,22,0.875717413,24.51351351,0,365,198,213,213
1,2010,24,23,0.885049752,26.5942029,0,365,199,214,214
1,2011,24,24,0.863359775,29.53968254,0,365,200,215,215
1,2012,24,25,0.872742127,30.08737864,0,366,201,216,216
1,2013,24,26,0.862754553,29.83116883,1,173,202,217,217
7,2005,25,23,0.805479238,15.375,0,365,203,219,219
7,2006,25,24,0.787860638,17.23728814,0,365,204,220,220
7,2007,25,25,0.799517324,15.7,0,365,205,221,221
7,2008,25,26,0.710318627,15.83333333,0,366,206,222,222
7,2009,25,27,0.696081567,17.20689655,0,365,207,223,223
7,2010,25,28,0.702120119,16.7,1,94,208,224,224
10,2003,25,21,0.472899073,36.8202765,0,365,209,226,226
10,2004,25,22,0.503677797,29.56989247,0,93,210,227,227
4,2012,26,19,0.724761915,8,0,50,211,228,228
4,2013,26,20,0.541916435,11.46666667,0,365,212,229,229
4,2014,26,21,0.720000017,11,1,125,213,230,230
10,2003,26,10,0.554127568,36.8202765,0,365,214,232,232
10,2004,26,11,0.532676714,29.56989247,0,366,215,233,233
10,2005,26,12,0.497835293,25.49333333,0,365,216,234,234
10,2006,26,13,0.439241923,26.78846154,0,365,217,235,235
10,2007,26,14,0.437634485,27.18032787,0,365,218,236,236
10,2008,26,15,0.378413479,29.31578947,0,366,219,237,237
10,2009,26,16,0.305002868,30.5,0,365,220,238,238
10,2010,26,17,0.212926216,25.03703704,0,365,221,239,239
10,2011,26,18,0.180175518,26.28813559,0,365,222,240,240
10,2012,26,19,0.247725265,27.57009346,0,316,223,241,241
5,2013,27,5,0.318877177,18.83333333,0,365,224,242,242
5,2014,27,6,0.319114818,16.55555556,0,365,225,243,243
5,2015,27,7,0.398313583,15.74285714,0,365,226,244,244
5,2016,27,8,0.36203759,11.88888889,0,366,227,245,245
5,2017,27,9,0.44707009,14.36,0,365,228,246,246
5,2018,27,10,0.530587945,16.33333333,0,365,229,247,247
5,2019,27,11,0.569774,18.25,0,365,230,248,248
5,2002,28,17,0.342198488,30,0,365,231,249,249
5,2003,28,18,0.458038307,30.04225352,0,365,232,250,250
5,2004,28,19,0.468668825,33.36315789,0,366,233,251,251
5,2005,28,20,0.450823228,34.20114943,0,365,234,252,252
5,2006,28,21,0.433593736,37.37423313,0,365,235,253,253
5,2007,28,22,0.470377255,31.3852459,0,365,236,254,254
5,2008,28,23,0.649840729,17.8375,0,366,237,255,255
5,2009,28,24,0.576846573,19.21518987,0,365,238,256,256
5,2010,28,25,0.604923167,19.92,0,365,239,257,257
5,2011,28,26,0.562029594,22.3030303,0,365,240,258,258
5,2012,28,27,0.612892193,23.41071429,1,213,241,259,259
5,2008,29,5,0.496249252,17.8375,0,366,242,260,260
5,2009,29,6,0.640375209,19.21518987,0,365,243,261,261
5,2010,29,7,0.658148788,19.92,0,365,244,262,262
5,2011,29,8,0.625788353,22.3030303,0,365,245,263,263
5,2012,29,9,0.634238069,23.41071429,1,55,246,264,264
1,2009,30,5,0.736324043,24.51351351,0,365,247,265,265
1,2010,30,6,0.755325047,26.5942029,0,365,248,266,266
1,2011,30,7,0.78314471,29.53968254,0,365,249,267,267
1,2012,30,8,0.876522663,30.08737864,0,366,250,268,268
1,2013,30,9,0.794810534,29.83116883,0,365,251,269,269
1,2014,30,10,0.742750741,30.8,0,365,252,270,270
1,2015,30,11,0.739210964,21.42857143,0,365,253,271,271
1,2016,30,12,0.729719063,18.34782609,0,366,254,272,272
1,2017,30,13,0.716623898,21.91111111,0,365,255,273,273
1,2018,30,14,0.686776026,22.05405405,0,365,256,274,274
1,2019,30,15,0.700866835,23,0,365,257,275,275
4,2012,31,11,0.713497627,8,0,50,258,276,276
4,2013,31,12,0.576042084,11.46666667,0,365,259,277,277
4,2014,31,13,0.600946985,11,0,365,260,278,278
4,2015,31,14,0.651428592,10,0,365,261,279,279
4,2016,31,15,0.583333358,10,0,366,262,280,280
4,2017,31,16,0.672664843,10.07142857,0,365,263,281,281
4,2018,31,17,0.509623028,11,0,365,264,282,282
4,2019,31,18,0.529914544,14.09090909,0,365,265,283,283
10,2006,31,5,0.241605987,26.78846154,0,365,266,284,284
10,2007,31,6,0.257975647,27.18032787,0,365,267,285,285
10,2008,31,7,0.29227075,29.31578947,0,366,268,286,286
10,2009,31,8,0.295941035,30.5,0,365,269,287,287
10,2010,31,9,0.266477546,25.03703704,0,365,270,288,288
10,2011,31,10,0.311498651,26.28813559,0,365,271,289,289
10,2012,31,11,0.329633537,27.57009346,0,316,272,290,290
4,2014,32,5,0.331250008,11,0,365,273,291,291
4,2015,32,6,0.347222229,10,0,365,274,292,292
4,2016,32,7,0.375,10,0,366,275,293,293
4,2017,32,8,0.535137103,10.07142857,0,365,276,294,294
4,2018,32,9,0.593217912,11,0,365,277,295,295
4,2019,32,10,0.700000018,14.09090909,0,365,278,296,296
1,2002,33,10,0.08899934,35.80334728,0,365,279,297,297
1,2003,33,11,0.087143823,28.18828452,0,235,280,298,298
6,2004,33,12,0.271779387,10.81355932,0,366,281,300,300
6,2005,33,13,0.240079947,14.42028986,0,365,282,301,301
6,2006,33,14,0.208674409,16.67105263,0,365,283,302,302
6,2007,33,15,0.238357933,18.66666667,1,247,284,303,303
6,2018,34,5,0.066098188,27.25,0,365,285,304,304
6,2019,34,6,0.117975098,30.2962963,0,365,286,305,305
6,2009,35,5,0.129181104,16.07017544,0,365,287,306,306
6,2010,35,6,0.142203539,16,0,365,288,307,307
6,2011,35,7,0.260690134,18.66666667,0,365,289,308,308
6,2012,35,8,0.271861991,19.2,0,366,290,309,309
6,2013,35,9,0.241185235,21.43589744,0,365,291,310,310
6,2014,35,10,0.255217807,22.15555556,0,365,292,311,311
6,2015,35,11,0.25065328,22.69387755,0,365,293,312,312
6,2016,35,12,0.314516493,23.7037037,0,366,294,313,313
6,2017,35,13,0.32331041,26.72727273,0,365,295,314,314
6,2018,35,14,0.346476148,27.25,0,365,296,315,315
6,2019,35,15,0.316965151,30.2962963,0,365,297,316,316
11,2006,36,5,0.511223346,13.2,0,365,298,317,317
11,2009,36,8,0.630242981,24.66666667,0,365,299,319,319
11,2010,36,9,0.637760869,25.14705882,0,365,300,320,320
11,2011,36,10,0.652730845,26.76666667,0,365,301,321,321
11,2012,36,11,0.629478493,29.375,0,366,302,322,322
11,2017,36,16,0.232614023,26.53333333,0,365,303,327,327
11,2018,36,17,0.16729726,24.96296296,0,365,304,328,328
7,2014,37,5,0.146416697,23.2,0,365,305,329,329
7,2015,37,6,0.069047619,20.5,1,222,306,330,330
1,2004,38,5,0.410066305,17.22282609,0,366,307,331,331
1,2005,38,6,0.488693424,20.05128205,0,365,308,332,332
1,2006,38,7,0.565618619,22.12328767,0,365,309,333,333
1,2007,38,8,0.587461568,21.825,0,365,310,334,334
1,2008,38,9,0.565661659,22.63207547,0,366,311,335,335
1,2009,38,10,0.514713066,24.51351351,0,365,312,336,336
1,2010,38,11,0.452546248,26.5942029,0,365,313,337,337
1,2011,38,12,0.510447183,29.53968254,0,365,314,338,338
1,2012,38,13,0.471992903,30.08737864,0,366,315,339,339
1,2013,38,14,0.331106828,29.83116883,0,365,316,340,340
1,2014,38,15,0.265548186,30.8,0,365,317,341,341
1,2015,38,16,0.275716267,21.42857143,0,365,318,342,342
1,2016,38,17,0.282423184,18.34782609,0,366,319,343,343
1,2017,38,18,0.311753449,21.91111111,0,365,320,344,344
1,2018,38,19,0.336300915,22.05405405,0,365,321,345,345
1,2019,38,20,0.475980291,23,0,365,322,346,346
10,2003,39,5,0.727624299,36.8202765,0,365,323,347,347
10,2004,39,6,0.631177175,29.56989247,0,366,324,348,348
10,2005,39,7,0.589865523,25.49333333,0,365,325,349,349
10,2006,39,8,0.502884644,26.78846154,0,365,326,350,350
10,2007,39,9,0.477923001,27.18032787,0,365,327,351,351
10,2008,39,10,0.52240134,29.31578947,0,366,328,352,352
10,2009,39,11,0.397893174,30.5,0,365,329,353,353
10,2010,39,12,0.418282551,25.03703704,0,365,330,354,354
10,2011,39,13,0.407475047,26.28813559,0,365,331,355,355
10,2012,39,14,0.317276581,27.57009346,0,366,332,356,356
10,2013,39,15,0.269768565,22.61111111,0,365,333,357,357
10,2014,39,16,0.310645065,21.22222222,0,365,334,358,358
10,2015,39,17,0.394326176,21.23076923,1,250,335,359,359
2,2015,40,5,0.098074687,14.56521739,0,365,336,360,360
2,2016,40,6,0.061483246,14.6875,0,366,337,361,361
2,2017,40,7,0.054334792,18.59615385,0,365,338,362,362
2,2018,40,8,0,17.5,0,365,339,363,363
2,2019,40,9,0,17.39130435,0,365,340,364,364
8,2009,41,9,0.503215971,13.81818182,0,365,341,366,366
8,2010,41,10,0.437244343,14.75757576,0,365,342,367,367
8,2011,41,11,0.531186933,14.30693069,0,365,343,368,368
8,2012,41,12,0.580435749,13.44,0,366,344,369,369
8,2013,41,13,0.533190314,15.22727273,0,365,345,370,370
8,2014,41,14,0.499492283,14.42857143,0,365,346,371,371
8,2015,41,15,0.571428597,13.63636364,1,113,347,372,372
9,2013,42,5,0.644302485,26.4,0,365,348,373,373
9,2014,42,6,0.644315433,27.9,0,365,349,374,374
9,2015,42,7,0.52854231,26,0,365,350,375,375
9,2016,42,8,0.540737221,20.38461538,0,366,351,376,376
9,2017,42,9,0.513995061,22.63157895,0,365,352,377,377
9,2018,42,10,0.574374455,25.15789474,0,365,353,378,378
9,2019,42,11,0.587316533,26.48148148,1,195,354,379,379
8,2014,43,5,0.077369948,14.42857143,0,365,355,380,380
8,2015,43,6,0.128157353,13.63636364,0,365,356,381,381
8,2016,43,7,0.23888889,11.41666667,0,366,357,382,382
8,2017,43,8,0.25,13.2,1,74,358,383,383
10,2012,44,5,0.379639596,27.57009346,0,366,359,384,384
10,2013,44,6,0.37673389,22.61111111,0,365,360,385,385
10,2014,44,7,0.492508514,21.22222222,0,365,361,386,386
10,2015,44,8,0.589066984,21.23076923,1,226,362,387,387
10,2015,45,5,0.082971989,21.23076923,0,365,363,388,388
10,2016,45,6,0.130682941,10.375,0,366,364,389,389
10,2017,45,7,0.200288447,14.58823529,0,365,365,390,390
10,2018,45,8,0.290807239,18.125,0,365,366,391,391
10,2019,45,9,0.453998935,15.875,0,365,367,392,392
7,2015,46,5,0.097650377,20.5,0,365,368,393,393
7,2016,46,6,0.106704263,18.2,0,366,369,394,394
7,2017,46,7,0.154480353,17.33333333,0,365,370,395,395
7,2018,46,8,0.111038963,15.1,0,365,371,396,396
7,2019,46,9,0.110185186,16.92307692,0,365,372,397,397
6,2016,47,5,0.129550373,23.7037037,0,366,373,398,398
6,2017,47,6,0.184659423,26.72727273,0,365,374,399,399
6,2018,47,7,0.234526544,27.25,0,365,375,400,400
6,2019,47,8,0.263945649,30.2962963,0,365,376,401,401
8,2017,48,5,0.372826915,13.2,0,365,377,402,402
8,2018,48,6,0.227994231,17.5,0,365,378,403,403
10,2015,49,5,0.049038838,21.23076923,0,365,379,404,404
10,2016,49,6,0.102695975,10.375,0,366,380,405,405
10,2017,49,7,0.131419235,14.58823529,0,365,381,406,406
10,2018,49,8,0.08363065,18.125,0,365,382,407,407
10,2019,49,9,0.20604853,15.875,0,365,383,408,408
1,2002,50,12,0.371504778,35.80334728,0,365,384,409,409
1,2003,50,13,0.444263175,28.18828452,0,235,385,410,410
6,2004,50,14,0.748949856,10.81355932,0,366,386,412,412
6,2005,50,15,0.755659082,14.42028986,0,365,387,413,413
6,2006,50,16,0.731373234,16.67105263,0,365,388,414,414
6,2007,50,17,0.69503272,18.66666667,0,365,389,415,415
8,2010,51,5,0.143471266,14.75757576,0,365,390,417,417
8,2011,51,6,0.275208478,14.30693069,0,365,391,418,418
8,2012,51,7,0.277550624,13.44,0,366,392,419,419
11,2017,52,8,0.12289889,26.53333333,0,365,393,424,424
11,2018,52,9,0.174699696,24.96296296,0,365,394,425,425
11,2017,53,8,0.528384301,26.53333333,0,365,395,430,430
11,2018,53,9,0.456181325,24.96296296,0,365,396,431,431
11,2005,54,27,0.743589754,16.66666667,0,365,397,434,434
11,2006,54,28,0.673095256,13.2,0,365,398,435,435
11,2009,54,31,0.496149367,24.66666667,0,365,399,437,437
11,2010,54,32,0.535673378,25.14705882,0,365,400,438,438
11,2011,54,33,0.457400132,26.76666667,0,365,401,439,439
11,2012,54,34,0.465188491,29.375,1,121,402,440,440
9,2009,55,5,0.462374655,18.92405063,0,365,403,441,441
9,2010,55,6,0.567418043,21.06896552,0,365,404,442,442
9,2011,55,7,0.497049261,23.73684211,0,365,405,443,443
9,2012,55,8,0.512344057,24.75925926,0,366,406,444,444
9,2013,55,9,0.499108741,26.4,0,365,407,445,445
9,2014,55,10,0.45822336,27.9,0,365,408,446,446
9,2015,55,11,0.367489955,26,0,365,409,447,447
9,2016,55,12,0.429346773,20.38461538,0,366,410,448,448
9,2017,55,13,0.39779324,22.63157895,0,365,411,449,449
9,2018,55,14,0.400659245,25.15789474,0,365,412,450,450
9,2019,55,15,0.334418764,26.48148148,1,242,413,451,451
1,2009,56,5,0.163892263,24.51351351,0,365,414,452,452
1,2010,56,6,0.139653118,26.5942029,0,365,415,453,453
1,2011,56,7,0.164979613,29.53968254,0,365,416,454,454
1,2012,56,8,0.162401619,30.08737864,0,290,417,455,455
2,2012,56,8,0.543025501,6.666666667,0,76,418,456,456
2,2013,56,9,0.373120331,12.55555556,0,365,419,457,457
2,2014,56,10,0.45978093,14,0,365,420,458,458
2,2015,56,11,0.445947483,14.56521739,0,365,421,459,459
2,2016,56,12,0.445353537,14.6875,0,366,422,460,460
2,2017,56,13,0.28792286,18.59615385,0,365,423,461,461
2,2018,56,14,0.206051467,17.5,0,365,424,462,462
2,2019,56,15,0.336073868,17.39130435,0,365,425,463,463
6,2016,57,5,0.265557642,23.7037037,0,366,428,466,466
6,2017,57,6,0.315627756,26.72727273,0,365,429,467,467
6,2018,57,7,0.335958247,27.25,0,365,430,468,468
6,2019,57,8,0.473786584,30.2962963,0,365,431,469,469
11,2010,58,5,0.182074587,25.14705882,0,365,432,470,470
11,2011,58,6,0.183643335,26.76666667,0,365,433,471,471
11,2012,58,7,0.200591096,29.375,0,366,434,472,472
11,2017,59,8,0.245611272,26.53333333,0,365,435,479,479
11,2018,59,9,0.26812005,24.96296296,0,365,436,480,480
8,2009,60,22,0.807925077,13.81818182,0,365,437,483,483
8,2010,60,23,0.584980262,14.75757576,0,365,438,484,484
8,2011,60,24,0.659751552,14.30693069,0,365,439,485,485
8,2012,60,25,0.583365706,13.44,0,366,440,486,486
8,2013,60,26,0.583606728,15.22727273,0,365,441,487,487
8,2014,60,27,0.537760981,14.42857143,0,365,442,488,488
8,2015,60,28,0.551331778,13.63636364,0,365,443,489,489
8,2016,60,29,0.600000024,11.41666667,1,79,444,490,490
6,2011,61,5,0.320051259,18.66666667,0,365,445,491,491
6,2012,61,6,0.371150281,19.2,0,366,446,492,492
6,2013,61,7,0.515684381,21.43589744,0,365,447,493,493
6,2014,61,8,0.539414425,22.15555556,0,365,448,494,494
6,2015,61,9,0.520763207,22.69387755,0,365,449,495,495
6,2016,61,10,0.568128961,23.7037037,0,366,450,496,496
6,2017,61,11,0.5876108,26.72727273,0,365,451,497,497
6,2018,61,12,0.596404426,27.25,0,365,452,498,498
6,2019,61,13,0.676429653,30.2962963,0,365,453,499,499
11,2005,62,8,0.444289049,16.66666667,0,365,454,501,501
11,2006,62,9,0.476866576,13.2,0,365,455,502,502
11,2009,62,12,0.498192447,24.66666667,0,365,456,504,504
11,2010,62,13,0.565668041,25.14705882,0,365,457,505,505
11,2011,62,14,0.569681147,26.76666667,0,365,458,506,506
11,2012,62,15,0.540096402,29.375,0,366,459,507,507
11,2009,63,6,0.593294494,24.66666667,0,365,460,510,510
11,2010,63,7,0.595651735,25.14705882,0,365,461,511,511
11,2011,63,8,0.58266711,26.76666667,0,365,462,512,512
11,2012,63,9,0.583487704,29.375,0,366,463,513,513
11,2017,63,14,0.587149798,26.53333333,0,365,464,518,518
11,2018,63,15,0.665141052,24.96296296,0,365,465,519,519
10,2003,64,25,0.802725741,36.8202765,0,365,466,522,522
10,2004,64,26,0.798425826,29.56989247,0,366,467,523,523
10,2005,64,27,0.7678935,25.49333333,0,365,468,524,524
10,2006,64,28,0.789184523,26.78846154,0,365,469,525,525
10,2007,64,29,0.810027292,27.18032787,0,365,470,526,526
10,2008,64,30,0.824394439,29.31578947,0,366,471,527,527
10,2009,64,31,0.772201311,30.5,0,365,472,528,528
10,2010,64,32,0.741131411,25.03703704,0,365,473,529,529
10,2011,64,33,0.683007123,26.28813559,0,365,474,530,530
10,2012,64,34,0.610151203,27.57009346,1,278,475,531,531
10,2006,65,5,0.538644616,26.78846154,0,365,476,532,532
10,2007,65,6,0.545706049,27.18032787,0,365,477,533,533
10,2008,65,7,0.518347728,29.31578947,0,366,478,534,534
10,2009,65,8,0.502131437,30.5,0,365,479,535,535
10,2010,65,9,0.51005452,25.03703704,0,365,480,536,536
10,2011,65,10,0.503122218,26.28813559,0,365,481,537,537
10,2012,65,11,0.466265015,27.57009346,0,366,482,538,538
10,2013,65,12,0.483837599,22.61111111,0,365,483,539,539
10,2014,65,13,0.425799989,21.22222222,0,365,484,540,540
10,2015,65,14,0.351278864,21.23076923,0,365,485,541,541
10,2016,65,15,0.357072422,10.375,0,366,486,542,542
10,2017,65,16,0.345006112,14.58823529,0,365,487,543,543
10,2018,65,17,0.300479429,18.125,0,365,488,544,544
10,2019,65,18,0.261540622,15.875,0,365,489,545,545
6,2004,66,5,0.298400244,10.81355932,0,366,490,546,546
6,2005,66,6,0.371122803,14.42028986,0,365,491,547,547
6,2006,66,7,0.444080845,16.67105263,0,365,492,548,548
6,2007,66,8,0.609350071,18.66666667,0,365,493,549,549
6,2009,66,10,0.57369455,16.07017544,0,365,494,551,551
6,2010,66,11,0.547200758,16,0,365,495,552,552
6,2011,66,12,0.629657951,18.66666667,0,365,496,553,553
6,2012,66,13,0.634855115,19.2,0,366,497,554,554
6,2013,66,14,0.523412656,21.43589744,0,365,498,555,555
6,2014,66,15,0.550246687,22.15555556,0,365,499,556,556
6,2015,66,16,0.59831099,22.69387755,0,365,500,557,557
6,2016,66,17,0.592664827,23.7037037,0,366,501,558,558
6,2017,66,18,0.568804279,26.72727273,0,365,502,559,559
6,2018,66,19,0.561320484,27.25,0,365,503,560,560
6,2019,66,20,0.620163873,30.2962963,0,365,504,561,561
5,2002,67,10,0.813738516,30,0,365,505,562,562
5,2003,67,11,0.869193584,30.04225352,0,365,506,563,563
5,2004,67,12,0.76623599,33.36315789,0,366,507,564,564
5,2005,67,13,0.761460625,34.20114943,0,365,508,565,565
5,2006,67,14,0.698868626,37.37423313,0,365,509,566,566
5,2007,67,15,0.739056417,31.3852459,0,200,510,567,567
9,2007,67,15,0.823246555,12.40909091,0,165,511,568,568
9,2008,67,16,0.713494478,15.85555556,0,366,512,569,569
9,2009,67,17,0.768844668,18.92405063,0,365,513,570,570
9,2010,67,18,0.796754114,21.06896552,0,365,514,571,571
9,2011,67,19,0.79030576,23.73684211,0,365,515,572,572
9,2012,67,20,0.878122089,24.75925926,0,366,516,573,573
9,2013,67,21,0.920625976,26.4,0,365,517,574,574
9,2014,67,22,0.897688312,27.9,0,365,518,575,575
9,2015,67,23,0.83596842,26,0,365,519,576,576
9,2016,67,24,0.7382463,20.38461538,0,366,520,577,577
9,2017,67,25,0.689607276,22.63157895,0,365,521,578,578
9,2018,67,26,0.686096643,25.15789474,0,365,522,579,579
9,2019,67,27,0.758773297,26.48148148,0,365,523,580,580
10,2004,68,5,0.636546943,29.56989247,0,366,524,581,581
10,2005,68,6,0.659702773,25.49333333,0,365,525,582,582
10,2006,68,7,0.614914475,26.78846154,0,365,526,583,583
10,2007,68,8,0.666956296,27.18032787,0,365,527,584,584
10,2008,68,9,0.705409816,29.31578947,0,366,528,585,585
10,2009,68,10,0.714874039,30.5,0,365,529,586,586
10,2010,68,11,0.655682399,25.03703704,0,365,530,587,587
10,2011,68,12,0.675167476,26.28813559,0,365,531,588,588
10,2012,68,13,0.709442499,27.57009346,0,366,532,589,589
10,2013,68,14,0.716548931,22.61111111,0,365,533,590,590
10,2014,68,15,0.731138952,21.22222222,0,365,534,591,591
10,2015,68,16,0.782869366,21.23076923,0,365,535,592,592
10,2016,68,17,0.848938247,10.375,0,366,536,593,593
10,2017,68,18,0.738122619,14.58823529,0,365,537,594,594
10,2018,68,19,0.621067397,18.125,0,365,538,595,595
10,2019,68,20,0.613095248,15.875,1,134,539,596,596
1,2002,69,5,0.386220489,35.80334728,0,365,540,597,597
1,2003,69,6,0.472579468,28.18828452,0,235,541,598,598
6,2004,69,7,0.6235331,10.81355932,0,366,542,600,600
6,2005,69,8,0.588224803,14.42028986,0,365,543,601,601
6,2006,69,9,0.684783143,16.67105263,0,365,544,602,602
6,2007,69,10,0.661443374,18.66666667,0,365,545,603,603
6,2009,69,12,0.757617434,16.07017544,0,365,546,605,605
6,2010,69,13,0.767703808,16,0,365,547,606,606
6,2011,69,14,0.809786988,18.66666667,0,365,548,607,607
6,2012,69,15,0.769201332,19.2,0,366,549,608,608
6,2013,69,16,0.68732124,21.43589744,0,365,550,609,609
6,2014,69,17,0.640678361,22.15555556,0,365,551,610,610
6,2015,69,18,0.732915877,22.69387755,0,365,552,611,611
6,2016,69,19,0.740304618,23.7037037,0,366,553,612,612
6,2017,69,20,0.762852223,26.72727273,0,365,554,613,613
6,2018,69,21,0.780223734,27.25,0,365,555,614,614
6,2019,69,22,0.812312928,30.2962963,0,365,556,615,615
8,2009,70,6,0.229564709,13.81818182,0,365,557,617,617
8,2010,70,7,0.265729709,14.75757576,0,365,558,618,618
8,2011,70,8,0.274223421,14.30693069,0,365,559,619,619
8,2012,70,9,0.335933385,13.44,0,366,560,620,620
8,2013,70,10,0.358668436,15.22727273,0,365,561,621,621
8,2014,70,11,0.295834252,14.42857143,0,365,562,622,622
8,2015,70,12,0.292371779,13.63636364,0,365,563,623,623
8,2016,70,13,0.277777788,11.41666667,0,366,564,624,624
8,2017,70,14,0.159128708,13.2,0,365,565,625,625
8,2018,70,15,0.111843713,17.5,0,365,566,626,626
1,2002,71,12,0.596518328,35.80334728,0,365,567,627,627
1,2003,71,13,0.562515932,28.18828452,0,365,568,628,628
1,2004,71,14,0.618586212,17.22282609,0,366,569,629,629
1,2005,71,15,0.68038231,20.05128205,0,365,570,630,630
1,2006,71,16,0.680652569,22.12328767,0,365,571,631,631
1,2007,71,17,0.703784479,21.825,0,365,572,632,632
1,2008,71,18,0.576031175,22.63207547,0,366,573,633,633
1,2009,71,19,0.487641938,24.51351351,1,185,574,634,634
1,2010,72,5,0.254210344,26.5942029,0,365,575,635,635
1,2011,72,6,0.270390757,29.53968254,0,365,576,636,636
1,2012,72,7,0.248018002,30.08737864,0,366,577,637,637
1,2013,72,8,0.220096916,29.83116883,0,365,578,638,638
1,2014,72,9,0.248537933,30.8,0,365,579,639,639
1,2015,72,10,0.301649141,21.42857143,0,365,580,640,640
1,2016,72,11,0.323141782,18.34782609,0,366,581,641,641
1,2017,72,12,0.338823322,21.91111111,0,365,582,642,642
1,2018,72,13,0.414934751,22.05405405,0,365,583,643,643
1,2019,72,14,0.449435461,23,0,365,584,644,644
10,2009,73,5,0.543261775,30.5,0,365,585,645,645
10,2010,73,6,0.62044862,25.03703704,0,365,586,646,646
10,2011,73,7,0.627992608,26.28813559,0,365,587,647,647
10,2012,73,8,0.601250747,27.57009346,0,366,588,648,648
10,2013,73,9,0.527396065,22.61111111,0,365,589,649,649
10,2014,73,10,0.420408116,21.22222222,0,365,590,650,650
10,2015,73,11,0.463590048,21.23076923,0,365,591,651,651
10,2016,73,12,0.516511273,10.375,0,366,592,652,652
10,2017,73,13,0.544050118,14.58823529,0,365,593,653,653
10,2018,73,14,0.446086486,18.125,0,365,594,654,654
9,2008,74,5,0.470016446,15.85555556,0,366,595,655,655
9,2009,74,6,0.565516304,18.92405063,0,365,596,656,656
9,2010,74,7,0.642392394,21.06896552,0,365,597,657,657
9,2011,74,8,0.684737202,23.73684211,0,365,598,658,658
9,2012,74,9,0.764953849,24.75925926,0,366,599,659,659
9,2013,74,10,0.738402359,26.4,0,365,600,660,660
9,2014,74,11,0.733922191,27.9,0,365,601,661,661
9,2015,74,12,0.68539847,26,0,365,602,662,662
9,2016,74,13,0.65447842,20.38461538,0,366,603,663,663
9,2017,74,14,0.631480318,22.63157895,0,365,604,664,664
9,2018,74,15,0.606991469,25.15789474,0,365,605,665,665
9,2019,74,16,0.591111413,26.48148148,0,365,606,666,666
8,2012,75,5,0.396404028,13.44,0,366,607,667,667
8,2013,75,6,0.386646201,15.22727273,0,365,608,668,668
8,2014,75,7,0.522523082,14.42857143,0,365,609,669,669
8,2015,75,8,0.604050936,13.63636364,0,365,610,670,670
8,2016,75,9,0.693452398,11.41666667,0,366,611,671,671
8,2017,75,10,0.755808923,13.2,0,365,612,672,672
8,2018,75,11,0.799669315,17.5,0,365,613,673,673
1,2017,76,5,0.239994218,21.91111111,0,365,614,674,674
1,2018,76,6,0.236846249,22.05405405,0,365,615,675,675
1,2019,76,7,0.250739505,23,0,365,616,676,676
1,2012,77,5,0.249541941,30.08737864,0,366,617,677,677
1,2013,77,6,0.314605528,29.83116883,0,365,618,678,678
1,2014,77,7,0.257827754,30.8,0,365,619,679,679
1,2015,77,8,0.301956543,21.42857143,0,365,620,680,680
1,2016,77,9,0.367776522,18.34782609,0,366,621,681,681
1,2017,77,10,0.383823994,21.91111111,0,365,622,682,682
1,2018,77,11,0.43027384,22.05405405,0,365,623,683,683
1,2019,77,12,0.537466386,23,0,365,624,684,684
1,2002,78,17,0.395061734,35.80334728,1,111,625,685,685
11,2017,79,6,0.203807045,26.53333333,0,365,626,687,687
11,2018,79,7,0.185912701,24.96296296,0,365,627,688,688
7,2014,80,5,0.285058575,23.2,0,365,628,690,690
7,2015,80,6,0.329192549,20.5,0,365,629,691,691
7,2016,80,7,0.345461473,18.2,0,366,630,692,692
7,2017,80,8,0.3053076,17.33333333,0,365,631,693,693
7,2018,80,9,0.286580097,15.1,0,365,632,694,694
7,2019,80,10,0.344097226,16.92307692,0,365,633,695,695
1,2014,81,5,0.479758695,30.8,0,365,634,696,696
1,2015,81,6,0.546263936,21.42857143,0,365,635,697,697
1,2016,81,7,0.569182269,18.34782609,0,366,636,698,698
1,2017,81,8,0.544716095,21.91111111,0,365,637,699,699
1,2018,81,9,0.53768285,22.05405405,0,365,638,700,700
1,2019,81,10,0.556629253,23,0,365,639,701,701
1,2002,82,9,0.295156119,35.80334728,0,365,640,702,702
1,2003,82,10,0.265754369,28.18828452,0,365,641,703,703
1,2004,82,11,0.287582828,17.22282609,0,366,642,704,704
1,2005,82,12,0.327709438,20.05128205,0,365,643,705,705
1,2006,82,13,0.206223837,22.12328767,0,365,644,706,706
1,2007,82,14,0.171824342,21.825,0,365,645,707,707
1,2008,82,15,0.198657232,22.63207547,0,366,646,708,708
1,2009,82,16,0.271276679,24.51351351,0,365,647,709,709
1,2010,82,17,0.29898353,26.5942029,0,365,648,710,710
1,2011,82,18,0.336174444,29.53968254,0,365,649,711,711
1,2012,82,19,0.274499494,30.08737864,0,366,650,712,712
1,2013,82,20,0.117361254,29.83116883,0,365,651,713,713
1,2014,82,21,0.100954556,30.8,0,365,652,714,714
1,2015,82,22,0.172782206,21.42857143,0,365,653,715,715
1,2016,82,23,0.219125943,18.34782609,0,366,654,716,716
1,2017,82,24,0.186900673,21.91111111,0,365,655,717,717
1,2018,82,25,0.162107868,22.05405405,0,365,656,718,718
1,2019,82,26,0.182453932,23,0,365,657,719,719
9,2011,83,5,0.232896889,23.73684211,0,365,658,720,720
9,2012,83,6,0.273105818,24.75925926,0,366,659,721,721
9,2013,83,7,0.264483215,26.4,0,365,660,722,722
9,2014,83,8,0.237776033,27.9,0,365,661,723,723
9,2015,83,9,0.202268021,26,0,365,662,724,724
9,2016,83,10,0.201716247,20.38461538,0,366,663,725,725
9,2017,83,11,0.201007877,22.63157895,0,365,664,726,726
9,2018,83,12,0.226919744,25.15789474,0,365,665,727,727
9,2019,83,13,0.211693859,26.48148148,0,365,666,728,728
8,2017,84,5,0.171712023,13.2,0,365,667,729,729
8,2018,84,6,0.1882461,17.5,0,365,668,730,730
1,2012,85,5,0.581097352,30.08737864,0,366,669,731,731
1,2013,85,6,0.488030798,29.83116883,0,365,670,732,732
1,2014,85,7,0.490960092,30.8,1,255,671,733,733
10,2010,86,5,0.461966131,25.03703704,0,365,672,734,734
10,2011,86,6,0.541190077,26.28813559,0,365,673,735,735
10,2012,86,7,0.635324128,27.57009346,0,366,674,736,736
10,2013,86,8,0.628713917,22.61111111,0,365,675,737,737
10,2014,86,9,0.664508744,21.22222222,0,365,676,738,738
10,2015,86,10,0.759692654,21.23076923,0,365,677,739,739
10,2016,86,11,0.751492739,10.375,0,366,678,740,740
10,2017,86,12,0.600511768,14.58823529,0,365,679,741,741
10,2018,86,13,0.602651121,18.125,0,365,680,742,742
10,2019,86,14,0.72339297,15.875,0,365,681,743,743
11,2006,87,5,0.140312216,13.2,0,365,682,744,744
11,2009,87,8,0.314039711,24.66666667,0,365,683,746,746
11,2010,87,9,0.298692953,25.14705882,0,365,684,747,747
11,2011,87,10,0.281179659,26.76666667,0,365,685,748,748
11,2012,87,11,0.329918542,29.375,0,366,686,749,749
11,2017,87,16,0.506172849,26.53333333,1,101,687,754,754
8,2009,88,6,0.346426779,13.81818182,0,365,688,757,758
8,2010,88,7,0.379319471,14.75757576,0,365,689,758,759
8,2011,88,8,0.290741658,14.30693069,0,365,690,759,760
8,2012,88,9,0.193013656,13.44,0,366,691,760,761
8,2013,88,10,0.221288646,15.22727273,0,365,692,761,762
8,2018,89,5,0.151587305,17.5,0,365,693,762,763
2,2019,90,5,0.150935832,17.39130435,0,365,694,763,764
1,2015,91,5,0.128477011,21.42857143,0,365,695,764,765
1,2016,91,6,0.170995614,18.34782609,0,366,696,765,766
1,2017,91,7,0.230156652,21.91111111,0,365,697,766,767
1,2018,91,8,0.248121759,22.05405405,0,365,698,767,768
1,2019,91,9,0.522146868,23,0,365,699,768,769
9,2018,92,5,0.114070493,25.15789474,0,365,700,769,770
9,2019,92,6,0.129257679,26.48148148,0,365,701,770,771
9,2014,93,5,0.290938634,27.9,0,365,702,771,772
9,2015,93,6,0.285165284,26,0,365,703,772,773
9,2016,93,7,0.42649937,20.38461538,0,366,704,773,774
9,2017,93,8,0.435200093,22.63157895,0,365,705,774,775
9,2018,93,9,0.369721796,25.15789474,0,365,706,775,776
9,2019,93,10,0.353690197,26.48148148,1,333,707,776,777
5,2002,94,22,0.691720585,30,0,365,708,777,778
5,2003,94,23,0.771807735,30.04225352,0,365,709,778,779
5,2004,94,24,0.773982658,33.36315789,0,366,710,779,780
5,2005,94,25,0.818493779,34.20114943,0,365,711,780,781
5,2006,94,26,0.813427628,37.37423313,0,365,712,781,782
5,2007,94,27,0.754738154,31.3852459,0,200,713,782,783
9,2007,94,27,0.850596576,12.40909091,0,165,714,783,784
9,2008,94,28,0.651797173,15.85555556,0,366,715,784,785
9,2009,94,29,0.69042369,18.92405063,0,365,716,785,786
9,2010,94,30,0.651633237,21.06896552,0,365,717,786,787
9,2011,94,31,0.694110798,23.73684211,0,365,718,787,788
9,2012,94,32,0.729129307,24.75925926,0,366,719,788,789
9,2013,94,33,0.681174142,26.4,0,365,720,789,790
9,2014,94,34,0.719132975,27.9,0,365,721,790,791
9,2015,94,35,0.607710203,26,1,226,722,791,792
9,2008,95,5,0.348701666,15.85555556,0,366,723,792,793
9,2009,95,6,0.425056926,18.92405063,0,365,724,793,794
9,2010,95,7,0.470647557,21.06896552,0,365,725,794,795
9,2011,95,8,0.540157762,23.73684211,0,365,726,795,796
9,2012,95,9,0.560125082,24.75925926,0,366,727,796,797
9,2013,95,10,0.58708269,26.4,0,365,728,797,798
9,2014,95,11,0.594542402,27.9,0,365,729,798,799
9,2015,95,12,0.56373163,26,0,365,730,799,800
9,2016,95,13,0.533092496,20.38461538,0,366,731,800,801
9,2017,95,14,0.48921893,22.63157895,0,365,732,801,802
9,2018,95,15,0.423207002,25.15789474,0,365,733,802,803
9,2019,95,16,0.450683067,26.48148148,0,365,734,803,804
9,2011,96,5,0.36336118,23.73684211,0,365,735,804,805
9,2012,96,6,0.352915102,24.75925926,0,366,736,805,806
9,2013,96,7,0.361302868,26.4,0,365,737,806,807
9,2014,96,8,0.403337135,27.9,0,365,738,807,808
9,2015,96,9,0.370751642,26,1,227,739,808,809
4,2012,97,8,0.166007331,8,0,50,740,809,810
4,2013,97,9,0.175415367,11.46666667,0,365,741,810,811
4,2014,97,10,0.213888891,11,0,365,742,811,812
4,2015,97,11,0.237433866,10,0,365,743,812,813
4,2016,97,12,0.229166668,10,0,366,744,813,814
4,2017,97,13,0.2256442,10.07142857,0,365,745,814,815
4,2018,97,14,0.213970478,11,0,365,746,815,816
4,2019,97,15,0.10654762,14.09090909,0,365,747,816,817
10,2009,97,5,0.095971736,30.5,0,365,748,817,818
10,2010,97,6,0.104812706,25.03703704,0,365,749,818,819
10,2011,97,7,0.086607619,26.28813559,0,365,750,819,820
10,2012,97,8,0.074512928,27.57009346,0,316,751,820,821
9,2017,98,5,0.132951383,22.63157895,0,365,752,821,822
9,2018,98,6,0.154543542,25.15789474,0,365,753,822,823
9,2019,98,7,0.223943103,26.48148148,0,365,754,823,824
2,2014,99,5,0,14,1,207,755,824,825
3,2007,100,33,0.229059835,4.904761905,0,193,756,825,826
5,2002,100,28,0.316812648,30,0,365,757,826,827
5,2003,100,29,0.313720293,30.04225352,0,365,758,827,828
5,2004,100,30,0.360360806,33.36315789,0,366,759,828,829
5,2005,100,31,0.357932155,34.20114943,0,365,760,829,830
5,2006,100,32,0.305699251,37.37423313,0,365,761,830,831
5,2007,100,33,0.255290258,31.3852459,0,172,762,831,832
5,2008,100,34,0.343552773,17.8375,1,177,763,832,833
10,2003,101,27,0.142453551,36.8202765,0,365,764,835,836
10,2004,101,28,0.165799756,29.56989247,0,93,765,836,837
10,2005,101,29,0.110994584,25.49333333,0,365,766,837,838
10,2006,101,30,0.069450054,26.78846154,0,365,767,838,839
10,2007,101,31,0.054148525,27.18032787,0,365,768,839,840
10,2008,101,32,0.153181816,29.31578947,0,366,769,840,841
10,2009,101,33,0.098147667,30.5,0,365,770,841,842
10,2010,101,34,0,25.03703704,1,35,771,842,843
6,2017,102,5,0.338689535,26.72727273,0,365,772,843,844
6,2018,102,6,0.349564322,27.25,0,365,773,844,845
6,2019,102,7,0.430919515,30.2962963,0,365,774,845,846
1,2011,103,5,0.096833858,29.53968254,0,365,775,846,847
1,2012,103,6,0.107907586,30.08737864,0,290,776,847,848
2,2012,103,6,0.394614119,6.666666667,0,76,777,848,849
2,2013,103,7,0.582052486,12.55555556,0,365,778,849,850
2,2014,103,8,0.666397097,14,0,365,779,850,851
2,2015,103,9,0.540909671,14.56521739,0,365,780,851,852
2,2016,103,10,0.52180341,14.6875,0,366,781,852,853
2,2017,103,11,0.490820264,18.59615385,0,365,782,853,854
2,2018,103,12,0.522835711,17.5,0,365,783,854,855
2,2019,103,13,0.675804114,17.39130435,1,266,784,855,856
10,2003,104,6,0.195056462,36.8202765,0,365,785,857,858
10,2004,104,7,0.257554231,29.56989247,0,366,786,858,859
10,2005,104,8,0.302774785,25.49333333,0,365,787,859,860
10,2006,104,9,0.235664788,26.78846154,0,365,788,860,861
10,2007,104,10,0.219694924,27.18032787,0,365,789,861,862
10,2008,104,11,0.223439676,29.31578947,0,366,790,862,863
10,2009,104,12,0.239338349,30.5,0,365,791,863,864
10,2010,104,13,0.14219531,25.03703704,1,146,792,864,865
5,2002,105,18,0.57436372,30,0,365,793,865,866
5,2003,105,19,0.724427703,30.04225352,0,365,794,866,867
5,2004,105,20,0.699882503,33.36315789,0,366,795,867,868
5,2005,105,21,0.681101784,34.20114943,0,365,796,868,869
5,2006,105,22,0.693399503,37.37423313,0,365,797,869,870
5,2007,105,23,0.681763742,31.3852459,1,185,798,870,871
7,2009,106,5,0.300066513,17.20689655,0,365,799,871,872
7,2010,106,6,0.268856405,16.7,0,365,800,872,873
7,2011,106,7,0.303658269,20.10447761,0,365,801,873,874
7,2012,106,8,0.289946138,22.14285714,0,366,802,874,875
7,2013,106,9,0.314578755,23,0,365,803,875,876
7,2014,106,10,0.280000001,23.2,0,365,804,876,877
7,2015,106,11,0.3087817,20.5,0,365,805,877,878
7,2016,106,12,0.271164032,18.2,0,366,806,878,879
7,2017,106,13,0.280285585,17.33333333,0,365,807,879,880
7,2018,106,14,0.347902105,15.1,0,365,808,880,881
7,2019,106,15,0.385763891,16.92307692,0,365,809,881,882
7,2005,107,9,0.617178893,15.375,0,365,810,883,884
7,2006,107,10,0.618238404,17.23728814,0,365,811,884,885
7,2007,107,11,0.585428325,15.7,0,365,812,885,886
7,2008,107,12,0.541540052,15.83333333,0,366,813,886,887
7,2009,107,13,0.513464568,17.20689655,0,365,814,887,888
7,2010,107,14,0.524542142,16.7,1,94,815,888,889
10,2003,107,7,0.578422149,36.8202765,0,365,816,890,891
10,2004,107,8,0.578436217,29.56989247,0,93,817,891,892
7,2010,108,5,0.273745082,16.7,0,365,818,892,893
7,2011,108,6,0.423025108,20.10447761,0,365,819,893,894
7,2012,108,7,0.349909483,22.14285714,0,366,820,894,895
7,2013,108,8,0.308994029,23,0,365,821,895,896
7,2014,108,9,0.331099401,23.2,0,365,822,896,897
7,2015,108,10,0.365329989,20.5,0,365,823,897,898
7,2016,108,11,0.391666671,18.2,0,366,824,898,899
7,2017,108,12,0.398600121,17.33333333,0,365,825,899,900
7,2018,108,13,0.405225723,15.1,0,365,826,900,901
7,2019,108,14,0.489121994,16.92307692,0,365,827,901,902
9,2011,109,5,0.027135121,23.73684211,0,365,828,902,903
9,2012,109,6,0.093897237,24.75925926,0,366,829,903,904
9,2013,109,7,0.110606484,26.4,0,365,830,904,905
9,2014,109,8,0.108497406,27.9,0,365,831,905,906
9,2015,109,9,0.072993938,26,0,365,832,906,907
9,2016,109,10,0.085165163,20.38461538,0,366,833,907,908
9,2017,109,11,0.112117314,22.63157895,0,365,834,908,909
9,2018,109,12,0.092161427,25.15789474,0,365,835,909,910
9,2019,109,13,0.086381745,26.48148148,0,365,836,910,911
5,2007,110,5,0.329177009,31.3852459,0,200,837,911,912
9,2007,110,5,0.246240796,12.40909091,0,165,838,912,913
9,2008,110,6,0.243005885,15.85555556,0,366,839,913,914
9,2009,110,7,0.261367601,18.92405063,0,365,840,914,915
9,2010,110,8,0.358469927,21.06896552,0,365,841,915,916
9,2011,110,9,0.326070341,23.73684211,0,365,842,916,917
9,2012,110,10,0.311451393,24.75925926,0,366,843,917,918
9,2013,110,11,0.277917639,26.4,0,365,844,918,919
9,2014,110,12,0.317474451,27.9,0,365,845,919,920
9,2015,110,13,0.29294472,26,0,365,846,920,921
9,2016,110,14,0.416666657,20.38461538,1,96,847,921,922
5,2002,111,23,0.173348394,30,0,365,848,922,923
5,2003,111,24,0.149105245,30.04225352,0,365,849,923,924
5,2004,111,25,0.21331087,33.36315789,0,366,850,924,925
5,2005,111,26,0.3155982,34.20114943,0,365,851,925,926
5,2006,111,27,0.269631674,37.37423313,0,365,852,926,927
5,2007,111,28,0.331843075,31.3852459,0,365,853,927,928
5,2008,111,29,0.415555312,17.8375,0,366,854,928,929
5,2009,111,30,0.340825404,19.21518987,0,365,855,929,930
5,2010,111,31,0.331505924,19.92,0,365,856,930,931
5,2011,111,32,0.293555412,22.3030303,0,365,857,931,932
5,2012,111,33,0.317970609,23.41071429,0,366,858,932,933
5,2013,111,34,0.301820894,18.83333333,0,365,859,933,934
5,2014,111,35,0.28459385,16.55555556,0,365,860,934,935
5,2015,111,36,0.356244691,15.74285714,1,154,861,935,936
5,2015,112,5,0.235579972,15.74285714,0,365,862,936,937
5,2016,112,6,0.217505372,11.88888889,0,366,863,937,938
5,2017,112,7,0.321737317,14.36,0,365,864,938,939
5,2018,112,8,0.434809639,16.33333333,0,365,865,939,940
5,2019,112,9,0.405758641,18.25,0,365,866,940,941
8,2017,113,5,0.310833338,13.2,0,365,867,941,942
8,2018,113,6,0.454166668,17.5,0,365,868,942,943
7,2008,114,5,0.512514382,15.83333333,0,366,869,943,944
7,2009,114,6,0.606127887,17.20689655,0,365,870,944,945
7,2010,114,7,0.672333662,16.7,0,365,871,945,946
7,2011,114,8,0.562071822,20.10447761,0,365,872,946,947
7,2012,114,9,0.515512524,22.14285714,0,366,873,947,948
7,2013,114,10,0.507080016,23,0,365,874,948,949
7,2014,114,11,0.510812071,23.2,0,365,875,949,950
7,2015,114,12,0.514303625,20.5,0,365,876,950,951
7,2016,114,13,0.581862768,18.2,0,366,877,951,952
7,2017,114,14,0.592591342,17.33333333,0,365,878,952,953
7,2018,114,15,0.575060216,15.1,0,365,879,953,954
7,2019,114,16,0.453083202,16.92307692,0,365,880,954,955
11,2012,115,5,0.138590522,29.375,0,366,881,955,956
11,2017,115,10,0.163226145,26.53333333,0,365,882,960,961
11,2018,115,11,0.210726837,24.96296296,0,365,883,961,962
5,2008,116,5,0.136551385,17.8375,0,366,884,963,964
5,2009,116,6,0.161640862,19.21518987,0,365,885,964,965
5,2010,116,7,0.115204325,19.92,0,365,886,965,966
5,2011,116,8,0.160657856,22.3030303,0,365,887,966,967
5,2012,116,9,0.145292714,23.41071429,0,366,888,967,968
5,2013,116,10,0.143865671,18.83333333,0,365,889,968,969
5,2014,116,11,0.077242282,16.55555556,0,365,890,969,970
5,2015,116,12,0.130517431,15.74285714,0,365,891,970,971
5,2016,116,13,0.164277488,11.88888889,0,366,892,971,972
5,2017,116,14,0.185053458,14.36,0,365,893,972,973
5,2018,116,15,0.164404377,16.33333333,0,365,894,973,974
5,2019,116,16,0.122115311,18.25,0,365,895,974,975
4,2015,117,5,0.138888891,10,0,365,896,975,976
4,2016,117,6,0.138392862,10,0,366,897,976,977
4,2017,117,7,0.163751531,10.07142857,0,365,898,977,978
4,2018,117,8,0.161038965,11,0,365,899,978,979
4,2019,117,9,0.200000003,14.09090909,0,365,900,979,980
1,2002,118,20,0.419163733,35.80334728,0,365,902,981,982
1,2003,118,21,0.420269553,28.18828452,0,235,903,982,983
11,2005,119,5,0.130050507,16.66666667,0,365,904,985,986
11,2006,119,6,0.20868299,13.2,0,365,905,986,987
11,2009,119,9,0.359571138,24.66666667,0,365,906,988,989
11,2010,119,10,0.403686231,25.14705882,0,365,907,989,990
11,2011,119,11,0.401997279,26.76666667,0,365,908,990,991
11,2012,119,12,0.462480821,29.375,0,366,909,991,992
2,2019,120,5,0.09518862,17.39130435,0,365,910,995,996
11,2017,121,6,0.151171314,26.53333333,0,365,911,997,998
11,2018,121,7,0.271415048,24.96296296,0,365,912,998,999
7,2005,122,11,0.47548485,15.375,0,365,913,1000,1001
7,2006,122,12,0.474033284,17.23728814,0,365,914,1001,1002
7,2007,122,13,0.337747372,15.7,0,365,915,1002,1003
7,2008,122,14,0.258235152,15.83333333,0,366,916,1003,1004
7,2009,122,15,0.24433482,17.20689655,0,365,917,1004,1005
7,2010,122,16,0.283627491,16.7,1,94,918,1005,1006
10,2003,122,9,0.336671725,36.8202765,0,365,919,1007,1008
10,2004,122,10,0.379465535,29.56989247,0,93,920,1008,1009
6,2017,123,5,0.487851351,26.72727273,0,365,921,1009,1010
6,2018,123,6,0.56905825,27.25,0,365,922,1010,1011
6,2019,123,7,0.708503026,30.2962963,0,365,923,1011,1012
1,2009,124,5,0.399135575,24.51351351,0,365,924,1012,1013
1,2010,124,6,0.440667064,26.5942029,0,365,925,1013,1014
1,2011,124,7,0.434905606,29.53968254,0,365,926,1014,1015
1,2012,124,8,0.364093449,30.08737864,0,366,927,1015,1016
1,2013,124,9,0.22782143,29.83116883,0,365,928,1016,1017
1,2014,124,10,0.264365879,30.8,0,365,929,1017,1018
1,2015,124,11,0.286485927,21.42857143,1,237,930,1018,1019
2,2013,125,5,0.336681375,12.55555556,0,365,931,1019,1020
2,2014,125,6,0.388569262,14,0,365,932,1020,1021
2,2015,125,7,0.505166172,14.56521739,0,365,933,1021,1022
2,2016,125,8,0.581089609,14.6875,0,366,934,1022,1023
2,2017,125,9,0.58298241,18.59615385,0,365,935,1023,1024
2,2018,125,10,0.534181214,17.5,0,365,936,1024,1025
2,2019,125,11,0.606915084,17.39130435,0,365,937,1025,1026
1,2006,126,5,0.408835747,22.12328767,0,365,938,1026,1027
1,2007,126,6,0.655627749,21.825,0,365,939,1027,1028
1,2008,126,7,0.747037401,22.63207547,0,366,940,1028,1029
1,2009,126,8,0.646208928,24.51351351,0,365,941,1029,1030
1,2010,126,9,0.640624564,26.5942029,0,365,942,1030,1031
1,2011,126,10,0.606946352,29.53968254,0,365,943,1031,1032
1,2012,126,11,0.582946251,30.08737864,0,366,944,1032,1033
1,2013,126,12,0.517464748,29.83116883,1,58,945,1033,1034
1,2002,127,13,0.775513336,35.80334728,0,365,946,1034,1035
1,2003,127,14,0.773859942,28.18828452,0,365,947,1035,1036
1,2004,127,15,0.77130099,17.22282609,0,366,948,1036,1037
1,2005,127,16,0.867081762,20.05128205,0,365,949,1037,1038
1,2006,127,17,0.863659291,22.12328767,0,365,950,1038,1039
1,2007,127,18,0.851363142,21.825,0,365,951,1039,1040
1,2008,127,19,0.832178741,22.63207547,0,366,952,1040,1041
1,2009,127,20,0.766246847,24.51351351,0,365,953,1041,1042
1,2010,127,21,0.717191744,26.5942029,0,365,954,1042,1043
1,2011,127,22,0.675255146,29.53968254,0,365,955,1043,1044
1,2012,127,23,0.643848415,30.08737864,0,366,956,1044,1045
1,2013,127,24,0.588986837,29.83116883,0,365,957,1045,1046
1,2014,127,25,0.591065815,30.8,1,235,958,1046,1047
7,2010,128,5,0.392414987,16.7,0,365,959,1047,1048
7,2011,128,6,0.677454192,20.10447761,0,365,960,1048,1049
7,2012,128,7,0.66897893,22.14285714,0,366,961,1049,1050
7,2013,128,8,0.660614041,23,0,365,962,1050,1051
7,2014,128,9,0.666666687,23.2,0,365,963,1051,1052
7,2015,128,10,0.702132404,20.5,1,355,964,1052,1053
7,2011,129,5,0.629421244,20.10447761,0,365,965,1053,1054
7,2012,129,6,0.64770529,22.14285714,0,366,966,1054,1055
7,2013,129,7,0.644298625,23,0,365,967,1055,1056
7,2014,129,8,0.658869406,23.2,1,310,968,1056,1057
6,2019,130,5,0.449759433,30.2962963,0,365,969,1057,1058
7,2005,131,14,0.61062622,15.375,0,365,970,1059,1060
7,2006,131,15,0.675674203,17.23728814,0,365,971,1060,1061
7,2007,131,16,0.549318529,15.7,0,365,972,1061,1062
7,2008,131,17,0.531180184,15.83333333,0,366,973,1062,1063
7,2009,131,18,0.485310356,17.20689655,0,365,974,1063,1064
7,2010,131,19,0.537277778,16.7,0,365,975,1064,1065
7,2011,131,20,0.671235317,20.10447761,0,365,976,1065,1066
7,2012,131,21,0.698771283,22.14285714,0,366,977,1066,1067
7,2013,131,22,0.721271229,23,0,365,978,1067,1068
7,2014,131,23,0.726120849,23.2,1,310,979,1068,1069
10,2003,131,12,0.403228327,36.8202765,0,365,980,1070,1071
10,2004,131,13,0.506368756,29.56989247,0,93,981,1071,1072
9,2013,132,5,0.238546407,26.4,0,365,982,1072,1073
9,2014,132,6,0.280581711,27.9,0,365,983,1073,1074
9,2015,132,7,0.269138973,26,0,365,984,1074,1075
9,2016,132,8,0.317001608,20.38461538,0,366,985,1075,1076
9,2017,132,9,0.343414401,22.63157895,0,365,986,1076,1077
9,2018,132,10,0.341566779,25.15789474,0,365,987,1077,1078
9,2019,132,11,0.370564895,26.48148148,1,50,988,1078,1079