year,ikt_ID,jkt_ID,ijkt_ID,exposure,count
2002,1,84,1,420,0
2002,1,206,3,456,4
2002,1,297,5,358,1
2002,1,409,7,456,2
2002,1,597,9,429,1
2002,1,627,11,458,2
2002,1,685,13,182,1
2002,1,702,14,438,1
2002,1,982,16,387,1
2002,1,1035,18,419,2
2002,84,206,645,365,2
2002,84,297,660,250,0
2002,84,409,676,356,0
2002,84,597,690,326,1
2002,84,627,692,345,1
2002,84,685,704,128,0
2002,84,702,705,336,1
2002,84,982,729,287,0
2002,84,1035,750,325,0
2002,206,297,1265,293,0
2002,206,409,1277,392,1
2002,206,597,1283,368,0
2002,206,627,1285,384,2
2002,206,685,1299,129,0
2002,206,702,1300,370,2
2002,206,982,1316,333,0
2002,206,1035,1331,349,11
2002,297,409,1721,286,0
2002,297,597,1732,256,0
2002,297,627,1739,282,0
2002,297,685,1741,85,0
2002,297,702,1742,263,0
2002,297,982,1744,221,0
2002,297,1035,1748,256,1
2002,409,597,2324,354,4
2002,409,627,2332,385,0
2002,409,685,2334,133,0
2002,409,702,2335,365,1
2002,409,982,2337,323,0
2002,409,1035,2341,357,0
2002,597,627,3044,359,1
2002,597,685,3046,135,0
2002,597,702,3047,336,2
2002,597,982,3052,297,0
2002,597,1035,3059,325,0
2002,627,685,3080,127,0
2002,627,702,3081,357,0
2002,627,982,3089,320,0
2002,627,1035,3096,345,2
2002,685,702,3292,117,0
2002,685,982,3293,100,0
2002,685,1035,3294,118,0
2002,702,982,3348,294,0
2002,702,1035,3365,325,1
2002,982,1035,3835,292,0
2003,2,85,2,71,0
2003,2,207,4,62,0
2003,2,298,6,63,0
2003,2,410,8,63,0
2003,2,598,10,63,0
2003,2,628,12,68,0
2003,2,703,15,75,0
2003,2,983,17,65,0
2003,2,1036,19,69,0
2003,85,207,646,145,2
2003,85,298,661,92,0
2003,85,410,677,87,0
2003,85,598,691,113,0
2003,85,628,693,172,0
2003,85,703,706,173,0
2003,85,983,730,127,0
2003,85,1036,751,154,0
2003,207,298,1266,90,0
2003,207,410,1278,92,0
2003,207,598,1284,114,0
2003,207,628,1286,176,1
2003,207,703,1301,177,0
2003,207,983,1317,134,0
2003,207,1036,1332,156,4
2003,298,410,1722,77,0
2003,298,598,1733,98,0
2003,298,628,1740,112,0
2003,298,703,1743,118,0
2003,298,983,1745,118,0
2003,298,1036,1749,98,0
2003,410,598,2325,104,0
2003,410,628,2333,108,0
2003,410,703,2336,116,0
2003,410,983,2338,111,1
2003,410,1036,2342,94,0
2003,598,628,3045,136,0
2003,598,703,3048,135,1
2003,598,983,3053,134,0
2003,598,1036,3060,116,0
2003,628,703,3082,199,0
2003,628,983,3090,156,0
2003,628,1036,3097,176,0
2003,703,983,3349,156,0
2003,703,1036,3366,181,0
2003,983,1036,3836,139,0
2004,86,123,635,552,5
2004,86,208,647,379,3
2004,86,331,662,481,6
2004,86,629,694,409,0
2004,86,704,707,421,4
2004,86,1037,752,430,0
2004,123,208,851,502,8
2004,123,331,854,598,7
2004,123,629,857,518,12
2004,123,704,860,551,2
2004,123,1037,864,528,7
2004,208,331,1267,432,3
2004,208,629,1287,357,4
2004,208,704,1302,382,2
2004,208,1037,1333,388,0
2004,331,629,1908,462,6
2004,331,704,1941,486,5
2004,331,1037,1982,475,2
2004,629,704,3083,407,2
2004,629,1037,3098,406,0
2004,704,1037,3367,433,0
2005,87,124,636,496,2
2005,87,209,648,378,0
2005,87,332,663,440,0
2005,87,630,695,397,2
2005,87,705,708,421,0
2005,87,1038,753,507,0
2005,124,209,852,463,3
2005,124,332,855,511,4
2005,124,630,858,480,2
2005,124,705,861,519,1
2005,124,1038,865,566,11
2005,209,332,1268,402,0
2005,209,630,1288,364,1
2005,209,705,1303,406,1
2005,209,1038,1334,464,0
2005,332,630,1909,430,6
2005,332,705,1942,467,2
2005,332,1038,1983,533,0
2005,630,705,3084,420,0
2005,630,1038,3099,485,2
2005,705,1038,3368,528,1
2006,88,125,637,564,2
2006,88,193,638,678,2
2006,88,210,649,467,1
2006,88,333,664,553,0
2006,88,631,696,490,0
2006,88,706,709,508,0
2006,88,1027,743,763,0
2006,88,1039,754,563,0
2006,125,193,850,742,2
2006,125,210,853,556,1
2006,125,333,856,622,4
2006,125,631,859,570,0
2006,125,706,862,594,0
2006,125,1027,863,796,5
2006,125,1039,866,616,5
2006,193,210,1152,648,3
2006,193,333,1170,742,1
2006,193,631,1187,669,5
2006,193,706,1214,693,0
2006,193,1027,1243,916,7
2006,193,1039,1251,748,2
2006,210,333,1269,539,0
2006,210,631,1289,448,0
2006,210,706,1304,475,1
2006,210,1027,1323,737,4
2006,210,1039,1335,535,0
2006,333,631,1910,541,2
2006,333,706,1943,580,0
2006,333,1027,1974,799,3
2006,333,1039,1984,625,0
2006,631,706,3085,498,2
2006,631,1027,3092,745,3
2006,631,1039,3100,557,2
2006,706,1027,3357,776,0
2006,706,1039,3369,582,0
2006,1027,1039,3861,794,7
2007,89,194,639,295,1
2007,89,211,650,240,1
2007,89,334,665,276,0
2007,89,632,697,223,1
2007,89,707,710,228,2
2007,89,1028,744,379,0
2007,89,1040,755,280,0
2007,194,211,1153,339,6
2007,194,334,1171,362,2
2007,194,632,1188,314,2
2007,194,707,1215,335,0
2007,194,1028,1244,462,3
2007,194,1040,1252,359,4
2007,211,334,1270,313,1
2007,211,632,1290,256,1
2007,211,707,1305,285,0
2007,211,1028,1324,407,2
2007,211,1040,1336,318,0
2007,334,632,1911,289,1
2007,334,707,1944,319,1
2007,334,1028,1975,445,0
2007,334,1040,1985,348,0
2007,632,707,3086,262,0
2007,632,1028,3093,387,2
2007,632,1040,3101,291,0
2007,707,1028,3358,416,1
2007,707,1040,3370,314,0
2007,1028,1040,3862,431,7
2008,90,195,640,357,2
2008,90,212,651,249,0
2008,90,335,666,262,0
2008,90,633,698,230,0
2008,90,708,711,230,1
2008,90,1029,745,362,0
2008,90,1041,756,274,1
2008,195,212,1154,392,4
2008,195,335,1172,418,2
2008,195,633,1189,370,1
2008,195,708,1216,394,0
2008,195,1029,1245,508,3
2008,195,1041,1253,420,2
2008,212,335,1271,310,1
2008,212,633,1291,271,2
2008,212,708,1306,284,0
2008,212,1029,1325,391,2
2008,212,1041,1337,309,1
2008,335,633,1912,277,0
2008,335,708,1945,294,0
2008,335,1029,1976,417,2
2008,335,1041,1986,339,0
2008,633,708,3087,258,0
2008,633,1029,3094,370,0
2008,633,1041,3102,297,0
2008,708,1029,3359,387,0
2008,708,1041,3371,311,1
2008,1029,1041,3863,415,0
2009,91,196,641,395,1
2009,91,213,652,316,1
2009,91,265,656,392,1
2009,91,336,667,327,0
2009,91,452,678,303,2
2009,91,634,699,168,0
2009,91,709,712,328,0
2009,91,1013,732,374,0
2009,91,1030,746,419,0
2009,91,1042,757,344,0
2009,196,213,1155,396,4
2009,196,265,1160,478,4
2009,196,336,1173,431,0
2009,196,452,1183,413,0
2009,196,634,1190,221,0
2009,196,709,1217,430,2
2009,196,1013,1236,467,1
2009,196,1030,1246,517,0
2009,196,1042,1254,443,2
2009,213,265,1260,408,5
2009,213,336,1272,358,0
2009,213,452,1279,334,0
2009,213,634,1292,163,0
2009,213,709,1307,361,0
2009,213,1013,1318,394,0
2009,213,1030,1326,441,1
2009,213,1042,1338,364,1
2009,265,336,1559,415,0
2009,265,452,1570,411,1
2009,265,634,1574,229,0
2009,265,709,1602,434,0
2009,265,1013,1623,461,3
2009,265,1030,1630,513,3
2009,265,1042,1635,442,0
2009,336,452,1904,341,1
2009,336,634,1913,189,1
2009,336,709,1946,368,0
2009,336,1013,1967,395,0
2009,336,1030,1977,445,1
2009,336,1042,1987,369,0
2009,452,634,2548,175,0
2009,452,709,2553,348,0
2009,452,1013,2571,387,2
2009,452,1030,2582,440,2
2009,452,1042,2586,367,0
2009,634,709,3088,183,0
2009,634,1013,3091,208,0
2009,634,1030,3095,223,0
2009,634,1042,3103,188,0
2009,709,1013,3350,405,1
2009,709,1030,3360,461,1
2009,709,1042,3372,381,1
2009,1013,1030,3850,480,1
2009,1013,1042,3855,418,3
2009,1030,1042,3864,462,3
2010,92,197,642,174,1
2010,92,214,653,138,0
2010,92,266,657,162,0
2010,92,337,668,129,0
2010,92,453,679,123,0
2010,92,635,700,139,0
2010,92,710,713,106,0
2010,92,1014,733,152,0
2010,92,1031,747,177,0
2010,92,1043,758,130,0
2010,197,214,1156,222,1
2010,197,266,1161,234,4
2010,197,337,1174,215,1
2010,197,453,1184,198,0
2010,197,635,1191,228,0
2010,197,710,1218,188,0
2010,197,1014,1237,241,0
2010,197,1031,1247,265,0
2010,197,1043,1255,215,0
2010,214,266,1261,207,1
2010,214,337,1273,174,0
2010,214,453,1280,165,0
2010,214,635,1293,187,0
2010,214,710,1308,152,0
2010,214,1014,1319,205,0
2010,214,1031,1327,232,1
2010,214,1043,1339,171,1
2010,266,337,1560,197,0
2010,266,453,1571,178,0
2010,266,635,1575,203,1
2010,266,710,1603,171,0
2010,266,1014,1624,225,0
2010,266,1031,1631,242,2
2010,266,1043,1636,196,0
2010,337,453,1905,146,0
2010,337,635,1914,176,0
2010,337,710,1947,140,0
2010,337,1014,1968,191,2
2010,337,1031,1978,211,0
2010,337,1043,1988,162,0
2010,453,635,2549,168,1
2010,453,710,2554,136,0
2010,453,1014,2572,186,0
2010,453,1031,2583,202,0
2010,453,1043,2587,156,0
2010,635,710,3121,156,0
2010,635,1014,3141,203,0
2010,635,1031,3147,224,1
2010,635,1043,3151,178,1
2010,710,1014,3351,163,0
2010,710,1031,3361,193,0
2010,710,1043,3373,141,0
2010,1014,1031,3851,246,1
2010,1014,1043,3856,188,1
2010,1031,1043,3865,212,0
2011,93,198,643,124,0
2011,93,215,654,114,0
2011,93,267,658,122,0
2011,93,338,669,110,0
2011,93,454,680,94,3
2011,93,636,701,97,0
2011,93,711,714,86,0
2011,93,847,719,108,1
2011,93,1015,734,105,0
2011,93,1032,748,133,0
2011,93,1044,759,105,0
2011,198,215,1157,158,4
2011,198,267,1162,172,2
2011,198,338,1175,158,0
2011,198,454,1185,145,0
2011,198,636,1192,155,0
2011,198,711,1219,134,0
2011,198,847,1234,168,0
2011,198,1015,1238,152,0
2011,198,1032,1248,192,1
2011,198,1044,1256,144,1
2011,215,267,1262,162,1
2011,215,338,1274,145,0
2011,215,454,1281,134,0
2011,215,636,1294,142,0
2011,215,711,1309,123,0
2011,215,847,1314,156,1
2011,215,1015,1320,145,0
2011,215,1032,1328,183,0
2011,215,1044,1340,137,0
2011,267,338,1561,162,0
2011,267,454,1572,143,0
2011,267,636,1576,149,1
2011,267,711,1604,133,0
2011,267,847,1621,165,0
2011,267,1015,1625,157,0
2011,267,1032,1632,190,0
2011,267,1044,1637,144,0
2011,338,454,1906,129,0
2011,338,636,1915,142,1
2011,338,711,1948,117,0
2011,338,847,1965,148,0
2011,338,1015,1969,140,1
2011,338,1032,1979,173,1
2011,338,1044,1989,127,1
2011,454,636,2550,119,1
2011,454,711,2555,99,1
2011,454,847,2560,133,0
2011,454,1015,2573,124,0
2011,454,1032,2584,158,0
2011,454,1044,2588,114,0
2011,636,711,3122,110,0
2011,636,847,3139,145,0
2011,636,1015,3142,127,0
2011,636,1032,3148,165,0
2011,636,1044,3152,121,0
2011,711,847,3346,122,0
2011,711,1015,3352,112,0
2011,711,1032,3362,148,1
2011,711,1044,3374,103,0
2011,847,1015,3656,143,1
2011,847,1032,3665,181,0
2011,847,1044,3667,132,0
2011,1015,1032,3852,162,1
2011,1015,1044,3857,125,0
2011,1032,1044,3866,159,1
2012,94,199,644,99,0
2012,94,216,655,109,0
2012,94,268,659,88,0
2012,94,339,670,91,1
2012,94,455,681,72,2
2012,94,637,702,101,0
2012,94,677,703,112,0
2012,94,712,715,85,0
2012,94,731,716,103,0
2012,94,848,720,89,0
2012,94,1016,735,110,0
2012,94,1033,749,134,0
2012,94,1045,760,111,0
2012,199,216,1158,326,3
2012,199,268,1163,322,8
2012,199,339,1176,270,0
2012,199,455,1186,82,0
2012,199,637,1193,299,0
2012,199,677,1202,292,2
2012,199,712,1220,247,1
2012,199,731,1227,275,5
2012,199,848,1235,104,0
2012,199,1016,1239,281,1
2012,199,1033,1249,334,1
2012,199,1045,1257,296,0
2012,216,268,1263,337,4
2012,216,339,1275,282,1
2012,216,455,1282,88,0
2012,216,637,1295,308,1
2012,216,677,1297,302,0
2012,216,712,1310,253,0
2012,216,731,1312,286,2
2012,216,848,1315,109,0
2012,216,1016,1321,292,0
2012,216,1033,1329,344,0
2012,216,1045,1341,304,0
2012,268,339,1562,275,0
2012,268,455,1573,76,0
2012,268,637,1577,312,1
2012,268,677,1588,298,0
2012,268,712,1605,261,0
2012,268,731,1613,295,0
2012,268,848,1622,96,0
2012,268,1016,1626,290,1
2012,268,1033,1633,351,1
2012,268,1045,1638,308,1
2012,339,455,1907,76,1
2012,339,637,1916,250,0
2012,339,677,1927,241,1
2012,339,712,1949,201,0
2012,339,731,1957,234,1
2012,339,848,1966,96,0
2012,339,1016,1970,229,0
2012,339,1033,1980,292,0
2012,339,1045,1990,249,0
2012,455,637,2551,83,1
2012,455,677,2552,95,1
2012,455,712,2556,68,0
2012,455,731,2557,90,0
2012,455,848,2561,80,0
2012,455,1016,2574,94,0
2012,455,1033,2585,117,0
2012,455,1045,2589,98,0
2012,637,677,3107,267,3
2012,637,712,3123,229,0
2012,637,731,3131,258,1
2012,637,848,3140,104,0
2012,637,1016,3143,256,0
2012,637,1033,3149,313,2
2012,637,1045,3153,265,3
2012,677,712,3266,221,1
2012,677,731,3274,242,2
2012,677,848,3282,115,0
2012,677,1016,3283,250,0
2012,677,1033,3287,311,1
2012,677,1045,3289,268,0
2012,712,731,3338,212,1
2012,712,848,3347,91,0
2012,712,1016,3353,206,0
2012,712,1033,3363,272,0
2012,712,1045,3375,227,0
2012,731,848,3431,108,0
2012,731,1016,3432,244,0
2012,731,1033,3435,297,1
2012,731,1045,3437,262,0
2012,848,1016,3657,110,0
2012,848,1033,3666,134,0
2012,848,1045,3668,116,1
2012,1016,1033,3853,295,2
2012,1016,1045,3858,252,1
2012,1033,1045,3867,308,1
2013,200,217,1159,70,1
2013,200,269,1164,266,6
2013,200,340,1177,250,0
2013,200,638,1194,277,2
2013,200,678,1203,244,1
2013,200,713,1221,266,1
2013,200,732,1228,275,1
2013,200,1017,1240,222,0
2013,200,1034,1250,60,1
2013,200,1046,1258,290,0
2013,217,269,1264,65,0
2013,217,340,1276,66,0
2013,217,638,1296,78,0
2013,217,678,1298,64,0
2013,217,713,1311,63,0
2013,217,732,1313,62,0
2013,217,1017,1322,66,0
2013,217,1034,1330,54,0
2013,217,1046,1342,63,0
2013,269,340,1563,235,0
2013,269,638,1578,258,0
2013,269,678,1589,236,0
2013,269,713,1606,252,0
2013,269,732,1614,259,1
2013,269,1017,1627,208,1
2013,269,1034,1634,53,0
2013,269,1046,1639,276,0
2013,340,638,1917,240,0
2013,340,678,1928,210,0
2013,340,713,1950,230,0
2013,340,732,1958,247,1
2013,340,1017,1971,189,0
2013,340,1034,1981,55,0
2013,340,1046,1991,259,1
2013,638,678,3108,240,1
2013,638,713,3124,258,1
2013,638,732,3132,275,2
2013,638,1017,3144,214,0
2013,638,1034,3150,51,0
2013,638,1046,3154,277,1
2013,678,713,3267,228,0
2013,678,732,3275,244,0
2013,678,1017,3284,190,0
2013,678,1034,3288,49,0
2013,678,1046,3290,255,0
2013,713,732,3339,271,0
2013,713,1017,3354,204,0
2013,713,1034,3364,48,0
2013,713,1046,3376,263,2
2013,732,1017,3433,221,2
2013,732,1034,3436,57,0
2013,732,1046,3438,293,1
2013,1017,1034,3854,56,1
2013,1017,1046,3859,228,4
2013,1034,1046,3868,45,1
2014,201,270,1165,579,14
2014,201,341,1178,503,1
2014,201,639,1195,556,2
2014,201,679,1204,522,0
2014,201,696,1209,553,3
2014,201,714,1222,516,0
2014,201,733,1229,544,9
2014,201,1018,1241,505,2
2014,201,1047,1259,456,0
2014,270,341,1564,467,0
2014,270,639,1579,524,0
2014,270,679,1590,490,1
2014,270,696,1596,518,8
2014,270,714,1607,478,0
2014,270,733,1615,511,3
2014,270,1018,1628,463,0
2014,270,1047,1640,423,1
2014,341,639,1918,426,1
2014,341,679,1929,385,1
2014,341,696,1935,442,0
2014,341,714,1951,378,0
2014,341,733,1959,450,1
2014,341,1018,1972,366,1
2014,341,1047,1992,340,0
2014,639,679,3109,452,2
2014,639,696,3115,492,0
2014,639,714,3125,444,0
2014,639,733,3133,500,0
2014,639,1018,3145,420,1
2014,639,1047,3155,399,3
2014,679,696,3260,454,0
2014,679,714,3268,402,1
2014,679,733,3276,465,2
2014,679,1018,3285,387,1
2014,679,1047,3291,373,1
2014,696,714,3323,449,0
2014,696,733,3329,492,5
2014,696,1018,3335,424,1
2014,696,1047,3337,398,1
2014,714,733,3340,451,0
2014,714,1018,3355,377,0
2014,714,1047,3377,359,0
2014,733,1018,3434,445,1
2014,733,1047,3439,425,0
2014,1018,1047,3860,345,0
2015,202,271,1166,124,5
2015,202,342,1179,109,0
2015,202,640,1196,114,0
2015,202,680,1205,116,0
2015,202,697,1210,117,1
2015,202,715,1223,109,0
2015,202,765,1230,109,1
2015,202,1019,1242,115,0
2015,271,342,1565,98,0
2015,271,640,1580,106,0
2015,271,680,1591,107,0
2015,271,697,1597,115,1
2015,271,715,1608,102,0
2015,271,765,1616,98,0
2015,271,1019,1629,106,0
2015,342,640,1919,84,1
2015,342,680,1930,74,1
2015,342,697,1936,86,0
2015,342,715,1952,74,0
2015,342,765,1960,79,0
2015,342,1019,1973,87,0
2015,640,680,3110,90,0
2015,640,697,3116,97,0
2015,640,715,3126,90,0
2015,640,765,3134,84,0
2015,640,1019,3146,89,1
2015,680,697,3261,97,0
2015,680,715,3269,82,0
2015,680,765,3277,82,1
2015,680,1019,3286,91,0
2015,697,715,3324,90,0
2015,697,765,3330,91,0
2015,697,1019,3336,93,0
2015,715,765,3341,81,0
2015,715,1019,3356,89,0
2015,765,1019,3466,88,0
2016,3,203,20,23,0
2016,3,272,21,17,0
2016,3,343,22,15,1
2016,3,641,23,21,0
2016,3,681,24,16,0
2016,3,698,25,19,0
2016,3,716,26,24,0
2016,3,766,27,13,0
2016,203,272,1167,68,1
2016,203,343,1180,57,0
2016,203,641,1197,66,0
2016,203,681,1206,57,0
2016,203,698,1211,61,1
2016,203,716,1224,73,0
2016,203,766,1231,54,0
2016,272,343,1566,51,0
2016,272,641,1581,61,0
2016,272,681,1592,50,0
2016,272,698,1598,56,1
2016,272,716,1609,66,0
2016,272,766,1617,47,0
2016,343,641,1920,50,0
2016,343,681,1931,37,0
2016,343,698,1937,42,0
2016,343,716,1953,49,0
2016,343,766,1961,33,0
2016,641,681,3111,51,0
2016,641,698,3117,56,0
2016,641,716,3127,63,0
2016,641,766,3135,45,0
2016,681,698,3262,45,0
2016,681,716,3270,52,0
2016,681,766,3278,34,1
2016,698,716,3325,59,1
2016,698,766,3331,39,0
2016,716,766,3342,47,1
2017,204,273,1168,98,1
2017,204,344,1181,99,0
2017,204,642,1198,113,1
2017,204,674,1200,124,0
2017,204,682,1207,78,0
2017,204,699,1212,106,2
2017,204,717,1225,116,0
2017,204,767,1232,85,0
2017,273,344,1567,90,0
2017,273,642,1582,104,0
2017,273,674,1585,111,0
2017,273,682,1593,68,0
2017,273,699,1599,98,0
2017,273,717,1610,104,0
2017,273,767,1618,75,0
2017,344,642,1921,101,0
2017,344,674,1924,110,0
2017,344,682,1932,65,0
2017,344,699,1938,97,0
2017,344,717,1954,103,0
2017,344,767,1962,73,0
2017,642,674,3104,123,1
2017,642,682,3112,81,0
2017,642,699,3118,105,0
2017,642,717,3128,113,0
2017,642,767,3136,86,0
2017,674,682,3248,88,0
2017,674,699,3251,110,0
2017,674,717,3254,122,0
2017,674,767,3257,96,0
2017,682,699,3263,75,0
2017,682,717,3271,80,0
2017,682,767,3279,49,0
2017,699,717,3326,111,0
2017,699,767,3332,81,0
2017,717,767,3343,88,0
2018,205,274,1169,74,1
2018,205,345,1182,72,0
2018,205,643,1199,72,0
2018,205,675,1201,70,0
2018,205,683,1208,75,1
2018,205,700,1213,70,0
2018,205,718,1226,77,0
2018,205,768,1233,75,0
2018,274,345,1568,85,0
2018,274,643,1583,90,0
2018,274,675,1586,82,0
2018,274,683,1594,92,0
2018,274,700,1600,84,0
2018,274,718,1611,97,0
2018,274,768,1619,89,0
2018,345,643,1922,86,0
2018,345,675,1925,75,0
2018,345,683,1933,84,2
2018,345,700,1939,79,0
2018,345,718,1955,92,0
2018,345,768,1963,84,0
2018,643,675,3105,76,0
2018,643,683,3113,94,1
2018,643,700,3119,87,0
2018,643,718,3129,95,0
2018,643,768,3137,89,0
2018,675,683,3249,83,1
2018,675,700,3252,72,0
2018,675,718,3255,81,1
2018,675,768,3258,77,0
2018,683,700,3264,86,0
2018,683,718,3272,97,0
2018,683,768,3280,89,0
2018,700,718,3327,89,0
2018,700,768,3333,85,0
2018,718,768,3344,93,0
2019,275,346,1569,89,0
2019,275,644,1584,84,1
2019,275,676,1587,70,0
2019,275,684,1595,52,0
2019,275,701,1601,71,1
2019,275,719,1612,70,0
2019,275,769,1620,57,0
2019,346,644,1923,105,0
2019,346,676,1926,103,0
2019,346,684,1934,83,0
2019,346,701,1940,87,0
2019,346,719,1956,98,1
2019,346,769,1964,94,0
2019,644,676,3106,94,1
2019,644,684,3114,71,0
2019,644,701,3120,81,0
2019,644,719,3130,88,0
2019,644,769,3138,83,0
2019,676,684,3250,65,0
2019,676,701,3253,73,0
2019,676,719,3256,80,0
2019,676,769,3259,75,0
2019,684,701,3265,53,0
2019,684,719,3273,57,0
2019,684,769,3281,50,0
2019,701,719,3328,71,0
2019,701,769,3334,58,0
2019,719,769,3345,71,0
2012,95,456,682,116,3
2012,95,849,721,109,7
2012,456,849,2562,98,2
2013,96,111,632,29,0
2013,96,457,683,96,0
2013,96,850,722,117,3
2013,96,1020,736,109,2
2013,111,457,825,29,0
2013,111,850,830,34,0
2013,111,1020,835,31,0
2013,457,850,2563,108,0
2013,457,1020,2575,105,2
2013,850,1020,3658,121,4
2014,97,112,633,65,0
2014,97,458,684,72,0
2014,97,825,718,73,0
2014,97,851,723,79,4
2014,97,1021,737,76,2
2014,112,458,826,57,0
2014,112,825,828,54,0
2014,112,851,831,64,0
2014,112,1021,836,59,1
2014,458,825,2559,62,0
2014,458,851,2564,74,1
2014,458,1021,2576,74,1
2014,825,851,3614,67,0
2014,825,1021,3615,69,0
2014,851,1021,3659,80,2
2015,98,113,634,84,0
2015,98,360,671,116,1
2015,98,459,685,120,1
2015,98,852,724,128,1
2015,98,1022,738,123,1
2015,113,360,824,66,0
2015,113,459,827,69,0
2015,113,852,832,77,0
2015,113,1022,837,72,0
2015,360,459,2070,91,0
2015,360,852,2076,104,0
2015,360,1022,2082,105,1
2015,459,852,2565,110,1
2015,459,1022,2577,104,1
2015,852,1022,3660,115,0
2016,99,361,672,63,0
2016,99,460,686,53,0
2016,99,853,725,50,1
2016,99,1023,739,58,0
2016,361,460,2071,60,0
2016,361,853,2077,59,0
2016,361,1023,2083,66,1
2016,460,853,2566,49,1
2016,460,1023,2578,59,0
2016,853,1023,3661,57,1
2017,100,362,673,152,3
2017,100,461,687,140,1
2017,100,854,726,161,0
2017,100,1024,740,142,1
2017,362,461,2072,106,2
2017,362,854,2078,131,0
2017,362,1024,2084,111,0
2017,461,854,2567,115,2
2017,461,1024,2579,96,1
2017,854,1024,3662,112,0
2018,101,363,674,87,0
2018,101,462,688,75,0
2018,101,855,727,76,0
2018,101,1025,741,74,0
2018,363,462,2073,61,0
2018,363,855,2079,63,0
2018,363,1025,2085,63,0
2018,462,855,2568,54,0
2018,462,1025,2580,51,0
2018,855,1025,3663,54,1
2019,102,364,675,21,0
2019,102,463,689,20,0
2019,102,764,717,25,0
2019,102,856,728,20,0
2019,102,996,731,20,0
2019,102,1026,742,22,0
2019,364,463,2074,46,0
2019,364,764,2075,57,2
2019,364,856,2080,46,1
2019,364,996,2081,52,0
2019,364,1026,2086,68,1
2019,463,764,2558,51,0
2019,463,856,2569,35,0
2019,463,996,2570,46,0
2019,463,1026,2581,61,0
2019,764,856,3463,49,0
2019,764,996,3464,58,0
2019,764,1026,3465,75,0
2019,856,996,3655,41,0
2019,856,1026,3664,54,0
2019,996,1026,3837,68,0
2007,36,114,277,21,0
2007,36,144,289,25,0
2007,36,171,301,15,0
2007,114,144,809,241,8
2007,114,171,816,252,8
2007,114,826,829,8,0
2007,144,171,971,245,5
2007,144,826,984,5,0
2007,171,826,1093,3,1
2008,115,145,810,313,8
2008,115,172,817,313,2
2008,145,172,972,314,3
2009,116,146,811,295,4
2009,116,173,818,276,3
2009,146,173,973,268,2
2010,117,147,812,59,1
2010,117,174,819,54,1
2010,147,174,974,35,2
2011,118,148,813,145,1
2011,118,175,820,156,5
2011,148,175,975,139,3
2012,119,149,814,20,0
2012,119,176,821,21,1
2012,149,176,976,18,0
2012,228,276,1396,5,0
2012,228,810,1452,6,0
2012,276,810,1683,8,0
2013,190,229,1141,55,1
2013,190,277,1143,56,0
2013,190,811,1148,54,0
2013,229,277,1397,56,0
2013,229,811,1453,62,0
2013,277,811,1684,58,0
2014,191,230,1142,12,0
2014,191,278,1144,23,0
2014,191,291,1146,19,0
2014,191,812,1149,17,1
2014,230,278,1398,12,0
2014,230,291,1406,9,1
2014,230,812,1454,9,0
2014,278,291,1641,20,1
2014,278,812,1685,15,0
2014,291,812,1710,12,0
2015,192,279,1145,7,0
2015,192,292,1147,7,0
2015,192,813,1150,2,0
2015,192,976,1151,6,0
2015,279,292,1642,10,0
2015,279,813,1686,7,0
2015,279,976,1705,11,0
2015,292,813,1711,8,0
2015,292,976,1716,9,1
2015,813,976,3603,7,0
2016,280,293,1643,2,0
2016,280,814,1687,3,0
2016,280,977,1706,3,0
2016,293,814,1712,2,0
2016,293,977,1717,3,0
2016,814,977,3604,4,0
2017,281,294,1644,51,0
2017,281,815,1688,59,1
2017,281,978,1707,57,0
2017,294,815,1713,52,0
2017,294,978,1718,45,0
2017,815,978,3605,55,0
2018,282,295,1645,24,0
2018,282,816,1689,24,0
2018,282,979,1708,25,0
2018,295,816,1714,20,0
2018,295,979,1719,22,0
2018,816,979,3606,21,0
2019,283,296,1646,44,0
2019,283,817,1690,45,0
2019,283,980,1709,39,0
2019,296,817,1715,40,0
2019,296,980,1720,35,0
2019,817,980,3607,34,0
2002,4,53,38,12,0
2002,4,126,53,17,0
2002,4,249,78,14,0
2002,4,562,94,12,0
2002,4,778,100,10,0
2002,4,827,106,17,0
2002,4,866,113,13,0
2002,4,923,120,17,0
2002,53,126,396,18,0
2002,53,249,407,14,0
2002,53,562,423,12,1
2002,53,778,453,10,0
2002,53,827,481,17,0
2002,53,866,487,13,0
2002,53,923,508,17,0
2002,126,249,898,21,0
2002,126,562,914,18,0
2002,126,778,920,16,0
2002,126,827,926,22,0
2002,126,866,933,19,0
2002,126,923,940,22,0
2002,249,562,1506,14,0
2002,249,778,1512,12,0
2002,249,827,1518,18,0
2002,249,866,1525,15,0
2002,249,923,1532,17,1
2002,562,778,2922,10,0
2002,562,827,2957,17,0
2002,562,866,2963,11,0
2002,562,923,2989,16,0
2002,778,827,3518,14,0
2002,778,866,3524,11,0
2002,778,923,3545,15,0
2002,827,866,3616,18,0
2002,827,923,3623,20,0
2002,866,923,3679,18,0
2003,5,37,28,132,0
2003,5,54,39,107,0
2003,5,127,54,126,0
2003,5,154,66,152,3
2003,5,250,79,97,0
2003,5,563,95,98,0
2003,5,779,101,83,0
2003,5,828,107,114,0
2003,5,867,114,100,1
2003,5,924,121,99,0
2003,37,54,266,123,1
2003,37,127,279,136,1
2003,37,154,291,167,0
2003,37,250,302,109,1
2003,37,563,317,109,0
2003,37,779,322,101,0
2003,37,828,327,130,0
2003,37,867,333,116,0
2003,37,924,339,112,1
2003,54,127,397,114,0
2003,54,154,402,141,0
2003,54,250,408,89,0
2003,54,563,424,86,1
2003,54,779,454,73,1
2003,54,828,482,103,1
2003,54,867,488,87,1
2003,54,924,509,89,0
2003,127,154,868,159,0
2003,127,250,899,100,0
2003,127,563,915,102,1
2003,127,779,921,93,0
2003,127,828,927,122,0
2003,127,867,934,107,0
2003,127,924,941,108,0
2003,154,250,1010,128,1
2003,154,563,1025,134,0
2003,154,779,1030,120,0
2003,154,828,1035,151,0
2003,154,867,1041,138,0
2003,154,924,1047,138,1
2003,250,563,1507,74,0
2003,250,779,1513,62,0
2003,250,828,1519,96,0
2003,250,867,1526,80,0
2003,250,924,1533,82,0
2003,563,779,2923,63,0
2003,563,828,2958,93,0
2003,563,867,2964,79,0
2003,563,924,2990,78,0
2003,779,828,3519,85,0
2003,779,867,3525,68,0
2003,779,924,3546,65,0
2003,828,867,3617,95,0
2003,828,924,3624,97,1
2003,867,924,3680,82,0
2004,6,38,29,381,0
2004,6,55,40,303,0
2004,6,128,55,319,0
2004,6,155,67,388,3
2004,6,251,80,342,0
2004,6,564,96,308,2
2004,6,780,102,347,2
2004,6,829,108,325,0
2004,6,868,115,314,0
2004,6,925,122,332,1
2004,38,55,267,387,0
2004,38,128,280,399,3
2004,38,155,292,465,0
2004,38,251,303,423,0
2004,38,564,318,393,0
2004,38,780,323,427,0
2004,38,829,328,404,2
2004,38,868,334,398,1
2004,38,925,340,410,3
2004,55,128,398,331,0
2004,55,155,403,391,0
2004,55,251,409,352,0
2004,55,564,425,305,4
2004,55,780,455,339,5
2004,55,829,483,337,0
2004,55,868,489,315,0
2004,55,925,510,337,0
2004,128,155,869,418,1
2004,128,251,900,365,4
2004,128,564,916,329,2
2004,128,780,922,367,2
2004,128,829,928,347,0
2004,128,868,935,339,1
2004,128,925,942,353,1
2004,155,251,1011,432,2
2004,155,564,1026,410,2
2004,155,780,1031,440,0
2004,155,829,1036,418,0
2004,155,868,1042,407,0
2004,155,925,1048,417,1
2004,251,564,1508,360,0
2004,251,780,1514,388,0
2004,251,829,1520,378,1
2004,251,868,1527,359,0
2004,251,925,1534,375,2
2004,564,780,2924,355,4
2004,564,829,2959,337,1
2004,564,868,2965,324,1
2004,564,925,2991,345,0
2004,780,829,3520,374,0
2004,780,868,3526,358,2
2004,780,925,3547,377,2
2004,829,868,3618,349,1
2004,829,925,3625,360,2
2004,868,925,3681,349,0
2005,7,39,30,443,1
2005,7,56,41,441,0
2005,7,129,56,459,2
2005,7,156,68,471,0
2005,7,252,81,424,0
2005,7,565,97,477,0
2005,7,781,103,484,2
2005,7,830,109,415,0
2005,7,869,116,452,0
2005,7,926,123,393,0
2005,39,56,268,461,1
2005,39,129,281,485,2
2005,39,156,293,494,0
2005,39,252,304,447,1
2005,39,565,319,494,0
2005,39,781,324,504,0
2005,39,830,329,427,2
2005,39,869,335,486,0
2005,39,926,341,411,1
2005,56,129,399,488,2
2005,56,156,404,499,0
2005,56,252,410,462,0
2005,56,565,426,490,4
2005,56,781,456,499,1
2005,56,830,484,442,1
2005,56,869,490,483,2
2005,56,926,511,423,0
2005,129,156,870,519,1
2005,129,252,901,475,1
2005,129,565,917,520,0
2005,129,781,923,521,0
2005,129,830,929,461,1
2005,129,869,936,497,1
2005,129,926,943,441,1
2005,156,252,1012,487,0
2005,156,565,1027,552,0
2005,156,781,1032,548,0
2005,156,830,1037,484,0
2005,156,869,1043,527,0
2005,156,926,1049,457,0
2005,252,565,1509,493,0
2005,252,781,1515,490,2
2005,252,830,1521,436,0
2005,252,869,1528,475,2
2005,252,926,1535,407,0
2005,565,781,2925,523,4
2005,565,830,2960,473,0
2005,565,869,2966,515,0
2005,565,926,2992,456,1
2005,781,830,3521,483,2
2005,781,869,3527,518,2
2005,781,926,3548,465,0
2005,830,869,3619,458,0
2005,830,926,3626,390,2
2005,869,926,3682,440,0
2006,8,40,31,454,0
2006,8,57,42,425,0
2006,8,130,57,465,1
2006,8,157,69,438,1
2006,8,253,82,427,1
2006,8,566,98,471,0
2006,8,782,104,450,0
2006,8,831,110,447,1
2006,8,870,117,468,0
2006,8,927,124,408,1
2006,40,57,269,433,0
2006,40,130,282,474,0
2006,40,157,294,450,0
2006,40,253,305,434,2
2006,40,566,320,478,0
2006,40,782,325,463,0
2006,40,831,330,446,1
2006,40,870,336,481,0
2006,40,927,342,404,3
2006,57,130,400,438,0
2006,57,157,405,419,0
2006,57,253,411,390,0
2006,57,566,427,430,2
2006,57,782,457,397,1
2006,57,831,485,417,0
2006,57,870,491,419,4
2006,57,927,512,385,0
2006,130,157,871,463,0
2006,130,253,902,448,0
2006,130,566,918,496,0
2006,130,782,924,466,1
2006,130,831,930,465,0
2006,130,870,937,479,1
2006,130,927,944,437,0
2006,157,253,1013,425,1
2006,157,566,1028,472,0
2006,157,782,1033,449,0
2006,157,831,1038,449,4
2006,157,870,1044,471,0
2006,157,927,1050,410,1
2006,253,566,1510,452,0
2006,253,782,1516,424,0
2006,253,831,1522,435,2
2006,253,870,1529,436,0
2006,253,927,1536,384,0
2006,566,782,2926,462,4
2006,566,831,2961,479,1
2006,566,870,2967,465,1
2006,566,927,2993,440,1
2006,782,831,3522,447,0
2006,782,870,3528,454,1
2006,782,927,3549,411,0
2006,831,870,3620,463,1
2006,831,927,3627,420,0
2006,870,927,3683,429,1
2007,9,41,32,238,0
2007,9,58,43,175,0
2007,9,71,44,319,0
2007,9,131,58,265,1
2007,9,150,65,2,0
2007,9,158,70,310,0
2007,9,254,83,273,1
2007,9,567,99,201,0
2007,9,783,105,185,0
2007,9,832,111,256,3
2007,9,871,118,189,0
2007,9,912,119,185,0
2007,9,928,125,241,0
2007,41,58,270,183,0
2007,41,71,271,333,0
2007,41,131,283,277,1
2007,41,150,290,3,0
2007,41,158,295,318,0
2007,41,254,306,283,0
2007,41,567,321,200,0
2007,41,783,326,183,0
2007,41,832,331,252,0
2007,41,871,337,206,0
2007,41,912,338,190,1
2007,41,928,343,242,1
2007,58,71,395,237,0
2007,58,131,401,190,1
2007,58,158,406,226,0
2007,58,254,412,209,0
2007,58,567,428,200,0
2007,58,783,458,184,2
2007,58,832,486,186,0
2007,58,871,492,204,1
2007,58,912,498,195,0
2007,58,928,513,180,0
2007,71,131,549,350,2
2007,71,150,562,1,0
2007,71,158,563,393,2
2007,71,254,589,362,2
2007,71,567,600,261,0
2007,71,783,601,240,0
2007,71,832,602,348,0
2007,71,871,604,254,0
2007,71,912,605,247,0
2007,71,928,606,336,0
2007,131,150,867,1,0
2007,131,158,872,346,0
2007,131,254,903,308,1
2007,131,567,919,216,0
2007,131,783,925,194,0
2007,131,832,931,290,0
2007,131,871,938,207,0
2007,131,912,939,199,0
2007,131,928,945,286,1
2007,150,254,983,1,0
2007,150,832,985,1,0
2007,150,871,986,1,0
2007,150,928,990,1,0
2007,158,254,1014,354,0
2007,158,567,1029,256,0
2007,158,783,1034,233,0
2007,158,832,1039,325,1
2007,158,871,1045,242,0
2007,158,912,1046,238,0
2007,158,928,1051,320,0
2007,254,567,1511,233,0
2007,254,783,1517,211,0
2007,254,832,1523,301,0
2007,254,871,1530,221,0
2007,254,912,1531,224,0
2007,254,928,1537,289,0
2007,567,783,2927,198,1
2007,567,832,2962,210,0
2007,567,871,2968,219,0
2007,567,912,2978,215,0
2007,567,928,2994,199,0
2007,783,832,3523,196,0
2007,783,871,3529,207,2
2007,783,912,3535,193,0
2007,783,928,3550,186,0
2007,832,871,3621,200,0
2007,832,912,3622,197,0
2007,832,928,3628,262,0
2007,871,912,3678,211,1
2007,871,928,3684,201,0
2007,912,928,3790,194,0
2008,10,42,33,287,1
2008,10,72,45,345,0
2008,10,132,59,349,0
2008,10,159,71,345,0
2008,10,255,84,294,1
2008,10,260,89,399,1
2008,10,833,112,177,0
2008,10,929,126,252,0
2008,10,964,132,326,3
2008,42,72,272,394,1
2008,42,132,284,387,0
2008,42,159,296,389,0
2008,42,255,307,343,0
2008,42,260,312,434,0
2008,42,833,332,203,2
2008,42,929,344,299,1
2008,42,964,349,368,3
2008,72,132,550,415,8
2008,72,159,564,424,1
2008,72,255,590,376,3
2008,72,260,595,471,5
2008,72,833,603,238,1
2008,72,929,607,348,0
2008,72,964,620,419,0
2008,132,159,873,437,0
2008,132,255,904,382,1
2008,132,260,909,475,4
2008,132,833,932,228,0
2008,132,929,946,351,1
2008,132,964,959,427,1
2008,159,255,1015,378,0
2008,159,260,1020,482,1
2008,159,833,1040,239,0
2008,159,929,1052,357,2
2008,159,964,1065,429,0
2008,255,260,1501,429,5
2008,255,833,1524,199,0
2008,255,929,1538,308,2
2008,255,964,1543,381,0
2008,260,833,1548,260,0
2008,260,929,1549,404,2
2008,260,964,1554,467,3
2008,833,929,3629,170,1
2008,833,964,3630,227,0
2008,929,964,3796,341,0
2009,11,43,34,256,0
2009,11,73,46,281,0
2009,11,133,60,293,0
2009,11,160,72,267,0
2009,11,256,85,260,0
2009,11,261,90,298,0
2009,11,930,127,214,0
2009,11,965,133,284,0
2009,43,73,273,340,0
2009,43,133,285,343,0
2009,43,160,297,318,0
2009,43,256,308,317,1
2009,43,261,313,346,0
2009,43,930,345,285,1
2009,43,965,350,341,0
2009,73,133,551,371,5
2009,73,160,565,355,0
2009,73,256,591,350,1
2009,73,261,596,382,3
2009,73,930,608,309,1
2009,73,965,621,373,1
2009,133,160,874,365,1
2009,133,256,905,367,1
2009,133,261,910,396,3
2009,133,930,947,322,1
2009,133,965,960,388,0
2009,160,256,1016,335,3
2009,160,261,1021,368,1
2009,160,930,1053,297,1
2009,160,965,1066,360,0
2009,256,261,1502,367,0
2009,256,930,1539,294,0
2009,256,965,1544,355,0
2009,261,930,1550,331,0
2009,261,965,1555,390,0
2009,930,965,3797,315,5
2010,12,44,35,64,1
2010,12,74,47,68,0
2010,12,134,61,51,0
2010,12,161,73,60,0
2010,12,257,86,54,0
2010,12,262,91,76,0
2010,12,931,128,58,0
2010,12,966,134,65,0
2010,44,74,274,79,0
2010,44,134,286,62,0
2010,44,161,298,77,1
2010,44,257,309,66,0
2010,44,262,314,86,0
2010,44,931,346,72,1
2010,44,966,351,79,0
2010,74,134,552,65,0
2010,74,161,566,78,0
2010,74,257,592,66,0
2010,74,262,597,87,2
2010,74,931,609,75,0
2010,74,966,622,80,0
2010,134,161,875,62,0
2010,134,257,906,50,0
2010,134,262,911,71,0
2010,134,931,948,60,0
2010,134,966,961,64,0
2010,161,257,1017,63,1
2010,161,262,1022,86,0
2010,161,931,1054,69,0
2010,161,966,1067,76,0
2010,257,262,1503,72,0
2010,257,931,1540,63,0
2010,257,966,1545,66,0
2010,262,931,1551,84,0
2010,262,966,1556,91,0
2010,931,966,3798,75,0
2011,13,45,36,303,0
2011,13,75,48,289,0
2011,13,135,62,283,0
2011,13,162,74,314,2
2011,13,258,87,329,1
2011,13,263,92,349,0
2011,13,932,129,315,1
2011,13,967,135,286,1
2011,45,75,275,342,0
2011,45,135,287,332,0
2011,45,162,299,370,0
2011,45,258,310,383,1
2011,45,263,315,404,0
2011,45,932,347,358,2
2011,45,967,352,345,2
2011,75,135,553,313,1
2011,75,162,567,364,2
2011,75,258,593,365,0
2011,75,263,598,388,1
2011,75,932,610,358,0
2011,75,967,623,329,0
2011,135,162,876,355,0
2011,135,258,907,374,0
2011,135,263,912,383,1
2011,135,932,949,350,0
2011,135,967,962,334,0
2011,162,258,1018,401,2
2011,162,263,1023,421,2
2011,162,932,1055,383,1
2011,162,967,1068,366,0
2011,258,263,1504,426,3
2011,258,932,1541,395,0
2011,258,967,1546,383,1
2011,263,932,1552,416,0
2011,263,967,1557,396,1
2011,932,967,3799,360,0
2012,14,46,37,248,0
2012,14,76,49,274,0
2012,14,121,51,257,0
2012,14,136,63,248,0
2012,14,163,75,270,0
2012,14,259,88,230,1
2012,14,264,93,138,0
2012,14,933,130,237,1
2012,14,968,136,260,0
2012,46,76,276,291,1
2012,46,121,278,273,0
2012,46,136,288,263,0
2012,46,163,300,294,0
2012,46,259,311,247,0
2012,46,264,316,144,0
2012,46,933,348,251,0
2012,46,968,353,273,1
2012,76,121,547,296,0
2012,76,136,554,277,2
2012,76,163,568,316,0
2012,76,259,594,272,0
2012,76,264,599,183,0
2012,76,933,611,287,1
2012,76,968,624,299,2
2012,121,136,839,268,3
2012,121,163,841,306,0
2012,121,259,844,263,1
2012,121,264,845,164,0
2012,121,933,846,267,1
2012,121,968,848,291,0
2012,136,163,877,288,1
2012,136,259,908,240,1
2012,136,264,913,160,0
2012,136,933,950,259,0
2012,136,968,963,273,0
2012,163,259,1019,271,0
2012,163,264,1024,169,0
2012,163,933,1056,280,0
2012,163,968,1069,305,2
2012,259,264,1505,157,1
2012,259,933,1542,239,0
2012,259,968,1547,255,0
2012,264,933,1553,152,0
2012,264,968,1558,160,0
2012,933,968,3800,273,0
2013,15,77,50,61,0
2013,15,122,52,57,0
2013,15,137,64,53,0
2013,15,164,76,43,0
2013,15,242,77,48,0
2013,15,934,131,45,0
2013,15,969,137,53,0
2013,77,122,548,132,0
2013,77,137,555,120,2
2013,77,164,569,110,0
2013,77,242,582,110,0
2013,77,934,612,125,0
2013,77,969,625,124,0
2013,122,137,840,114,1
2013,122,164,842,111,0
2013,122,242,843,111,1
2013,122,934,847,116,2
2013,122,969,849,126,0
2013,137,164,878,97,2
2013,137,242,891,98,0
2013,137,934,951,107,1
2013,137,969,964,114,0
2013,164,242,1003,90,2
2013,164,934,1057,96,0
2013,164,969,1070,101,1
2013,242,934,1486,106,0
2013,242,969,1494,102,0
2013,934,969,3801,112,0
2014,78,138,556,44,0
2014,78,165,570,43,0
2014,78,184,576,46,1
2014,78,243,583,46,0
2014,78,935,613,44,0
2014,78,970,626,50,0
2014,138,165,879,29,0
2014,138,184,885,38,0
2014,138,243,892,36,0
2014,138,935,952,29,0
2014,138,970,965,38,0
2014,165,184,997,37,0
2014,165,243,1004,33,0
2014,165,935,1058,29,0
2014,165,970,1071,37,0
2014,184,243,1122,41,0
2014,184,935,1128,40,0
2014,184,970,1135,46,0
2014,243,935,1487,37,0
2014,243,970,1495,42,0
2014,935,970,3802,38,0
2015,79,139,557,172,1
2015,79,166,571,157,1
2015,79,185,577,161,0
2015,79,244,584,143,1
2015,79,936,614,89,0
2015,79,937,615,151,1
2015,79,971,627,178,0
2015,139,166,880,174,0
2015,139,185,886,187,1
2015,139,244,893,159,1
2015,139,936,953,94,1
2015,139,937,954,174,0
2015,139,971,966,190,0
2015,166,185,998,157,0
2015,166,244,1005,137,1
2015,166,936,1059,79,1
2015,166,937,1060,144,1
2015,166,971,1072,165,2
2015,185,244,1123,148,0
2015,185,936,1129,87,0
2015,185,937,1130,154,0
2015,185,971,1136,168,1
2015,244,936,1488,68,1
2015,244,937,1489,138,0
2015,244,971,1496,155,0
2015,936,937,3795,79,0
2015,936,971,3803,87,0
2015,937,971,3804,156,0
2016,80,140,558,65,1
2016,80,167,572,54,0
2016,80,186,578,62,2
2016,80,245,585,49,1
2016,80,938,616,55,1
2016,80,972,628,47,0
2016,140,167,881,64,0
2016,140,186,887,74,0
2016,140,245,894,56,1
2016,140,938,955,65,0
2016,140,972,967,53,1
2016,167,186,999,66,0
2016,167,245,1006,50,0
2016,167,938,1061,57,1
2016,167,972,1073,49,0
2016,186,245,1124,58,0
2016,186,938,1131,66,0
2016,186,972,1137,54,0
2016,245,938,1490,53,0
2016,245,972,1497,45,0
2016,938,972,3805,51,0
2017,81,141,559,83,0
2017,81,168,573,75,0
2017,81,187,579,70,1
2017,81,246,586,63,0
2017,81,939,617,80,0
2017,81,973,629,65,0
2017,141,168,882,92,0
2017,141,187,888,81,0
2017,141,246,895,78,0
2017,141,939,956,96,0
2017,141,973,968,79,0
2017,168,187,1000,75,0
2017,168,246,1007,75,0
2017,168,939,1062,91,0
2017,168,973,1074,71,1
2017,187,246,1125,64,0
2017,187,939,1132,83,0
2017,187,973,1138,64,0
2017,246,939,1491,79,0
2017,246,973,1498,65,0
2017,939,973,3806,80,0
2018,82,142,560,43,0
2018,82,169,574,49,1
2018,82,188,580,46,2
2018,82,247,587,37,0
2018,82,940,618,43,0
2018,82,974,630,35,0
2018,142,169,883,47,0
2018,142,188,889,45,0
2018,142,247,896,33,2
2018,142,940,957,38,0
2018,142,974,969,32,0
2018,169,188,1001,51,0
2018,169,247,1008,41,0
2018,169,940,1063,41,0
2018,169,974,1075,40,0
2018,188,247,1126,39,0
2018,188,940,1133,44,0
2018,188,974,1139,37,1
2018,247,940,1492,32,0
2018,247,974,1499,27,0
2018,940,974,3807,32,0
2019,83,143,561,168,1
2019,83,170,575,154,0
2019,83,189,581,164,0
2019,83,248,588,139,0
2019,83,941,619,161,0
2019,83,975,631,148,0
2019,143,170,884,160,0
2019,143,189,890,170,2
2019,143,248,897,141,0
2019,143,941,958,169,0
2019,143,975,970,150,0
2019,170,189,1002,164,0
2019,170,248,1009,126,0
2019,170,941,1064,147,1
2019,170,975,1076,132,0
2019,189,248,1127,141,0
2019,189,941,1134,161,0
2019,189,975,1140,146,0
2019,248,941,1493,133,0
2019,248,975,1500,113,0
2019,941,975,3808,133,0
2003,299,411,1723,32,0
2003,299,599,1734,32,1
2003,299,984,1746,30,1
2003,411,599,2326,33,0
2003,411,984,2339,34,0
2003,599,984,3054,34,0
2004,28,300,236,296,3
2004,28,412,243,327,2
2004,28,546,249,342,8
2004,28,600,257,345,1
2004,28,985,265,7,0
2004,300,412,1724,247,0
2004,300,546,1728,256,2
2004,300,600,1735,254,1
2004,300,985,1747,4,0
2004,412,546,2319,290,7
2004,412,600,2327,279,2
2004,412,985,2340,4,0
2004,546,600,2869,310,3
2004,546,985,2888,6,0
2004,600,985,3055,8,0
2005,29,301,237,330,0
2005,29,413,244,341,0
2005,29,547,250,365,0
2005,29,601,258,362,0
2005,301,413,1725,340,1
2005,301,547,1729,370,2
2005,301,601,1736,360,3
2005,413,547,2320,375,6
2005,413,601,2328,368,8
2005,547,601,2870,396,6
2006,30,302,238,347,1
2006,30,414,245,420,1
2006,30,548,251,376,1
2006,30,602,259,387,0
2006,302,414,1726,419,0
2006,302,548,1730,388,1
2006,302,602,1737,387,0
2006,414,548,2321,442,0
2006,414,602,2329,430,4
2006,548,602,2871,418,0
2007,31,303,239,252,0
2007,31,415,246,380,1
2007,31,549,252,401,0
2007,31,603,260,408,0
2007,303,415,1727,222,0
2007,303,549,1731,249,0
2007,303,603,1738,242,0
2007,415,549,2322,393,1
2007,415,603,2330,394,4
2007,549,603,2872,401,0
2008,32,416,247,196,0
2008,32,550,253,353,1
2008,32,604,261,309,2
2008,416,550,2323,200,1
2008,416,604,2331,186,1
2008,550,604,2873,318,2
2009,33,306,240,332,2
2009,33,551,254,333,1
2009,33,605,262,297,0
2009,306,551,1784,360,0
2009,306,605,1795,326,0
2009,551,605,2874,300,5
2010,34,307,241,119,0
2010,34,552,255,124,0
2010,34,606,263,111,0
2010,307,552,1785,143,0
2010,307,606,1796,122,0
2010,552,606,2875,118,1
2011,35,308,242,98,0
2011,35,491,248,123,0
2011,35,553,256,113,0
2011,35,607,264,110,0
2011,308,491,1775,131,0
2011,308,553,1786,137,0
2011,308,607,1797,128,0
2011,491,553,2685,159,0
2011,491,607,2694,147,0
2011,553,607,2876,154,2
2012,309,492,1776,232,0
2012,309,554,1787,263,0
2012,309,608,1798,267,0
2012,492,554,2686,247,1
2012,492,608,2695,251,3
2012,554,608,2877,276,3
2013,310,493,1777,159,0
2013,310,555,1788,145,1
2013,310,609,1799,154,0
2013,493,555,2687,152,0
2013,493,609,2696,156,2
2013,555,609,2878,154,0
2014,47,311,356,141,0
2014,47,494,370,163,0
2014,47,556,376,150,0
2014,47,610,382,135,0
2014,311,494,1778,156,1
2014,311,556,1789,148,0
2014,311,610,1800,128,0
2014,494,556,2688,170,0
2014,494,610,2697,138,2
2014,556,610,2879,143,1
2015,48,312,357,200,0
2015,48,495,371,207,1
2015,48,557,377,200,1
2015,48,611,383,216,1
2015,312,495,1779,214,0
2015,312,557,1790,222,0
2015,312,611,1801,226,0
2015,495,557,2689,223,2
2015,495,611,2698,223,0
2015,557,611,2880,240,1
2016,49,313,358,65,0
2016,49,398,362,66,0
2016,49,466,366,68,0
2016,49,496,372,79,0
2016,49,558,378,80,1
2016,49,612,384,77,0
2016,313,398,1767,76,0
2016,313,466,1771,71,1
2016,313,496,1780,77,0
2016,313,558,1791,84,0
2016,313,612,1802,80,1
2016,398,466,2267,79,1
2016,398,496,2271,87,0
2016,398,558,2275,90,0
2016,398,612,2279,87,0
2016,466,496,2595,82,0
2016,466,558,2599,90,3
2016,466,612,2603,87,0
2016,496,558,2690,91,0
2016,496,612,2699,89,0
2016,558,612,2881,95,1
2017,50,314,359,102,0
2017,50,399,363,72,0
2017,50,467,367,102,0
2017,50,497,373,84,0
2017,50,559,379,102,0
2017,50,613,385,86,0
2017,50,844,388,71,1
2017,50,1010,391,81,0
2017,314,399,1768,100,0
2017,314,467,1772,124,1
2017,314,497,1781,110,0
2017,314,559,1792,120,0
2017,314,613,1803,110,0
2017,314,844,1806,91,0
2017,314,1010,1809,101,0
2017,399,467,2268,100,0
2017,399,497,2272,84,0
2017,399,559,2276,100,0
2017,399,613,2280,88,0
2017,399,844,2283,68,0
2017,399,1010,2286,80,0
2017,467,497,2596,108,0
2017,467,559,2600,122,0
2017,467,613,2604,107,0
2017,467,844,2607,95,0
2017,467,1010,2610,100,0
2017,497,559,2691,106,0
2017,497,613,2700,90,1
2017,497,844,2703,75,0
2017,497,1010,2706,77,2
2017,559,613,2882,108,0
2017,559,844,2885,91,0
2017,559,1010,2889,98,0
2017,613,844,3049,77,0
2017,613,1010,3056,84,2
2017,844,1010,3651,73,1
2018,51,304,354,37,0
2018,51,315,360,52,0
2018,51,400,364,49,1
2018,51,468,368,55,0
2018,51,498,374,76,0
2018,51,560,380,81,0
2018,51,614,386,68,0
2018,51,845,389,61,0
2018,51,1011,392,55,0
2018,304,315,1750,35,0
2018,304,400,1752,36,0
2018,304,468,1754,38,0
2018,304,498,1756,58,0
2018,304,560,1758,61,0
2018,304,614,1760,51,0
2018,304,845,1762,46,0
2018,304,1011,1764,37,0
2018,315,400,1769,47,0
2018,315,468,1773,54,0
2018,315,498,1782,72,0
2018,315,560,1793,77,0
2018,315,614,1804,68,0
2018,315,845,1807,60,0
2018,315,1011,1810,55,0
2018,400,468,2269,54,0
2018,400,498,2273,73,0
2018,400,560,2277,75,0
2018,400,614,2281,64,0
2018,400,845,2284,58,0
2018,400,1011,2287,55,0
2018,468,498,2597,79,1
2018,468,560,2601,84,1
2018,468,614,2605,76,0
2018,468,845,2608,69,0
2018,468,1011,2611,62,0
2018,498,560,2692,107,0
2018,498,614,2701,96,0
2018,498,845,2704,85,0
2018,498,1011,2707,80,1
2018,560,614,2883,99,0
2018,560,845,2886,83,0
2018,560,1011,2890,84,0
2018,614,845,3050,79,0
2018,614,1011,3057,74,1
2018,845,1011,3652,66,0
2019,52,305,355,102,0
2019,52,316,361,87,0
2019,52,401,365,86,1
2019,52,469,369,111,0
2019,52,499,375,97,0
2019,52,561,381,109,0
2019,52,615,387,130,0
2019,52,846,390,111,0
2019,52,1012,393,89,0
2019,52,1058,394,95,0
2019,305,316,1751,113,0
2019,305,401,1753,113,1
2019,305,469,1755,136,0
2019,305,499,1757,121,0
2019,305,561,1759,137,0
2019,305,615,1761,152,0
2019,305,846,1763,130,0
2019,305,1012,1765,113,0
2019,305,1058,1766,116,1
2019,316,401,1770,100,0
2019,316,469,1774,120,0
2019,316,499,1783,103,0
2019,316,561,1794,113,0
2019,316,615,1805,134,0
2019,316,846,1808,120,0
2019,316,1012,1811,100,1
2019,316,1058,1812,106,0
2019,401,469,2270,119,1
2019,401,499,2274,107,0
2019,401,561,2278,118,0
2019,401,615,2282,141,0
2019,401,846,2285,117,0
2019,401,1012,2288,98,0
2019,401,1058,2289,109,0
2019,469,499,2598,126,0
2019,469,561,2602,135,3
2019,469,615,2606,157,0
2019,469,846,2609,135,1
2019,469,1012,2612,122,0
2019,469,1058,2613,125,0
2019,499,561,2693,122,0
2019,499,615,2702,134,2
2019,499,846,2705,123,1
2019,499,1012,2708,104,0
2019,499,1058,2709,106,0
2019,561,615,2884,157,0
2019,561,846,2887,140,0
2019,561,1012,2891,117,0
2019,561,1058,2892,121,0
2019,615,846,3051,154,1
2019,615,1012,3058,135,0
2019,615,1058,3061,134,1
2019,846,1012,3653,117,0
2019,846,1058,3654,125,0
2019,1012,1058,3849,103,0
2004,177,218,1077,125,0
2004,177,834,1094,4,0
2004,177,883,1101,131,0
2004,177,1000,1108,138,1
2004,177,1059,1115,115,0
2004,218,834,1352,3,0
2004,218,883,1361,140,2
2004,218,1000,1375,136,4
2004,218,1059,1386,118,3
2004,834,883,3639,6,0
2004,834,1000,3643,9,0
2004,834,1059,3647,3,0
2004,883,1000,3730,146,4
2004,883,1059,3741,131,1
2004,1000,1059,3839,128,1
2005,151,178,977,284,3
2005,151,219,980,286,0
2005,151,884,987,314,4
2005,151,1001,991,316,2
2005,151,1060,994,277,1
2005,178,219,1078,219,0
2005,178,884,1102,247,1
2005,178,1001,1109,250,1
2005,178,1060,1116,213,0
2005,219,884,1362,245,3
2005,219,1001,1376,254,0
2005,219,1060,1387,211,2
2005,884,1001,3731,286,2
2005,884,1060,3742,245,1
2005,1001,1060,3840,242,4
2006,152,179,978,267,3
2006,152,220,981,321,0
2006,152,885,988,339,0
2006,152,1002,992,338,1
2006,152,1061,995,310,1
2006,179,220,1079,246,0
2006,179,885,1103,263,0
2006,179,1002,1110,264,0
2006,179,1061,1117,234,1
2006,220,885,1363,306,2
2006,220,1002,1377,316,2
2006,220,1061,1388,282,1
2006,885,1002,3732,331,1
2006,885,1061,3743,310,1
2006,1002,1061,3841,300,1
2007,120,153,815,53,0
2007,120,180,822,50,0
2007,120,221,823,45,1
2007,120,886,833,49,0
2007,120,1003,834,52,0
2007,120,1062,838,52,0
2007,153,180,979,48,0
2007,153,221,982,51,0
2007,153,886,989,50,0
2007,153,1003,993,53,1
2007,153,1062,996,53,0
2007,180,221,1080,48,0
2007,180,886,1104,48,0
2007,180,1003,1111,50,0
2007,180,1062,1118,47,0
2007,221,886,1364,133,2
2007,221,1003,1378,136,2
2007,221,1062,1389,141,0
2007,886,1003,3733,152,0
2007,886,1062,3744,149,1
2007,1003,1062,3842,160,3
2008,222,887,1365,80,1
2008,222,944,1372,99,2
2008,222,1004,1379,64,0
2008,222,1063,1390,59,0
2008,887,944,3727,117,2
2008,887,1004,3734,79,2
2008,887,1063,3745,76,0
2008,944,1004,3809,105,0
2008,944,1063,3822,103,1
2008,1004,1063,3843,60,1
2009,223,872,1359,116,0
2009,223,888,1366,104,0
2009,223,945,1373,133,0
2009,223,1005,1380,102,0
2009,223,1064,1391,100,0
2009,872,888,3685,124,0
2009,872,945,3697,150,3
2009,872,1005,3708,119,0
2009,872,1064,3720,124,0
2009,888,945,3728,143,1
2009,888,1005,3735,112,0
2009,888,1064,3746,114,0
2009,945,1005,3810,139,1
2009,945,1064,3823,143,1
2009,1005,1064,3844,106,0
2010,224,873,1360,43,0
2010,224,889,1367,36,0
2010,224,893,1371,31,0
2010,224,946,1374,31,0
2010,224,1006,1381,29,0
2010,224,1048,1385,35,0
2010,224,1065,1392,30,0
2010,873,889,3686,44,0
2010,873,893,3687,52,0
2010,873,946,3698,54,1
2010,873,1006,3709,35,0
2010,873,1048,3710,59,0
2010,873,1065,3721,54,0
2010,889,893,3726,35,1
2010,889,946,3729,35,0
2010,889,1006,3736,32,0
2010,889,1048,3740,34,0
2010,889,1065,3747,34,0
2010,893,946,3751,46,0
2010,893,1006,3761,26,0
2010,893,1048,3762,49,1
2010,893,1065,3772,44,0
2010,946,1006,3811,26,0
2010,946,1048,3812,50,0
2010,946,1065,3824,42,0
2010,1006,1048,3838,28,0
2010,1006,1065,3845,25,0
2010,1048,1065,3873,49,2
2011,874,894,3688,216,0
2011,874,947,3699,208,4
2011,874,1049,3711,214,0
2011,874,1054,3716,213,0
2011,874,1066,3722,203,0
2011,894,947,3752,176,1
2011,894,1049,3763,175,1
2011,894,1054,3768,172,0
2011,894,1066,3773,161,0
2011,947,1049,3813,164,1
2011,947,1054,3818,167,0
2011,947,1066,3825,161,1
2011,1049,1054,3869,163,5
2011,1049,1066,3874,159,1
2011,1054,1066,3878,158,4
2012,875,895,3689,57,1
2012,875,948,3700,69,0
2012,875,1050,3712,70,1
2012,875,1055,3717,58,0
2012,875,1067,3723,68,0
2012,895,948,3753,68,0
2012,895,1050,3764,68,0
2012,895,1055,3769,60,1
2012,895,1067,3774,67,1
2012,948,1050,3814,74,1
2012,948,1055,3819,64,2
2012,948,1067,3826,74,0
2012,1050,1055,3870,67,0
2012,1050,1067,3875,76,1
2012,1055,1067,3879,63,1
2013,876,896,3690,35,0
2013,876,949,3701,31,0
2013,876,1051,3713,35,0
2013,876,1056,3718,35,0
2013,876,1068,3724,33,0
2013,896,949,3754,33,0
2013,896,1051,3765,36,0
2013,896,1056,3770,36,0
2013,896,1068,3775,34,1
2013,949,1051,3815,33,0
2013,949,1056,3820,31,0
2013,949,1068,3827,29,0
2013,1051,1056,3871,34,1
2013,1051,1068,3876,34,0
2013,1056,1068,3880,33,0
2014,329,690,1892,16,0
2014,329,877,1894,19,0
2014,329,897,1896,17,0
2014,329,950,1898,14,0
2014,329,1052,1900,14,0
2014,329,1057,1902,16,0
2014,329,1069,1903,18,1
2014,690,877,3301,18,0
2014,690,897,3307,15,1
2014,690,950,3313,14,0
2014,690,1052,3319,8,0
2014,690,1057,3321,12,0
2014,690,1069,3322,17,0
2014,877,897,3691,20,0
2014,877,950,3702,15,1
2014,877,1052,3714,15,0
2014,877,1057,3719,16,0
2014,877,1069,3725,19,0
2014,897,950,3755,16,0
2014,897,1052,3766,13,0
2014,897,1057,3771,14,0
2014,897,1069,3776,19,0
2014,950,1052,3816,11,0
2014,950,1057,3821,12,1
2014,950,1069,3828,14,0
2014,1052,1057,3872,10,0
2014,1052,1069,3877,14,0
2014,1057,1069,3881,14,0
2015,330,393,1891,1,0
2015,330,691,1893,2,0
2015,330,878,1895,1,0
2015,330,898,1897,4,0
2015,330,951,1899,3,0
2015,330,1053,1901,5,0
2015,393,691,2246,2,0
2015,393,878,2251,1,0
2015,393,898,2256,3,0
2015,393,951,2261,2,0
2015,393,1053,2266,4,0
2015,691,878,3302,2,0
2015,691,898,3308,5,0
2015,691,951,3314,3,0
2015,691,1053,3320,6,0
2015,878,898,3692,4,0
2015,878,951,3703,3,0
2015,878,1053,3715,5,0
2015,898,951,3756,5,0
2015,898,1053,3767,7,0
2015,951,1053,3817,6,0
2016,394,692,2247,8,0
2016,394,879,2252,3,0
2016,394,899,2257,5,0
2016,394,952,2262,8,0
2016,692,879,3303,5,0
2016,692,899,3309,6,0
2016,692,952,3315,9,0
2016,879,899,3693,2,0
2016,879,952,3704,6,0
2016,899,952,3757,7,0
2017,395,693,2248,39,0
2017,395,880,2253,48,1
2017,395,900,2258,35,0
2017,395,953,2263,34,0
2017,693,880,3304,41,1
2017,693,900,3310,30,1
2017,693,953,3316,24,0
2017,880,900,3694,41,0
2017,880,953,3705,34,0
2017,900,953,3758,23,0
2018,396,694,2249,22,0
2018,396,881,2254,35,0
2018,396,901,2259,20,0
2018,396,954,2264,28,0
2018,694,881,3305,30,0
2018,694,901,3311,19,0
2018,694,954,3317,25,0
2018,881,901,3695,28,0
2018,881,954,3706,38,0
2018,901,954,3759,22,0
2019,397,695,2250,109,0
2019,397,882,2255,108,2
2019,397,902,2260,99,0
2019,397,955,2265,86,0
2019,695,882,3306,132,0
2019,695,902,3312,119,0
2019,695,955,3318,111,1
2019,882,902,3696,117,1
2019,882,955,3707,112,0
2019,902,955,3760,96,0
2008,365,482,2093,16,0
2008,365,616,2100,14,0
2008,365,757,2111,17,0
2008,482,616,2665,14,0
2008,482,757,2679,19,0
2008,616,757,3071,18,0
2009,366,483,2094,40,1
2009,366,617,2101,53,1
2009,366,758,2112,64,0
2009,483,617,2666,55,0
2009,483,758,2680,67,2
2009,617,758,3072,79,0
2010,367,417,2089,114,0
2010,367,484,2095,120,0
2010,367,618,2102,114,0
2010,367,759,2113,117,0
2010,417,484,2343,142,0
2010,417,618,2347,130,1
2010,417,759,2353,136,0
2010,484,618,2667,137,0
2010,484,759,2681,137,0
2010,618,759,3073,129,0
2011,368,418,2090,465,1
2011,368,485,2096,441,5
2011,368,619,2103,457,1
2011,368,760,2114,459,2
2011,418,485,2344,513,0
2011,418,619,2348,524,1
2011,418,760,2354,530,2
2011,485,619,2668,496,0
2011,485,760,2682,508,2
2011,619,760,3074,516,2
2012,369,419,2091,94,2
2012,369,486,2097,82,2
2012,369,620,2104,82,1
2012,369,667,2108,70,2
2012,369,761,2115,86,0
2012,419,486,2345,97,0
2012,419,620,2349,96,3
2012,419,667,2351,86,1
2012,419,761,2355,99,0
2012,486,620,2669,90,1
2012,486,667,2674,72,3
2012,486,761,2683,89,0
2012,620,667,3062,76,0
2012,620,761,3075,87,0
2012,667,761,3243,77,1
2013,370,420,2092,15,0
2013,370,487,2098,42,0
2013,370,621,2105,44,0
2013,370,668,2109,38,0
2013,370,762,2116,46,0
2013,420,487,2346,18,0
2013,420,621,2350,17,0
2013,420,668,2352,19,1
2013,420,762,2356,18,0
2013,487,621,2670,54,0
2013,487,668,2675,46,0
2013,487,762,2684,55,0
2013,621,668,3063,51,1
2013,621,762,3076,59,0
2013,668,762,3244,53,0
2014,371,380,2087,73,0
2014,371,488,2099,76,0
2014,371,622,2106,84,1
2014,371,669,2110,61,0
2014,380,488,2188,79,0
2014,380,622,2191,87,1
2014,380,669,2195,55,1
2014,488,622,2671,83,0
2014,488,669,2676,62,1
2014,622,669,3064,67,0
2015,372,381,2088,5,0
2015,372,623,2107,3,0
2015,381,489,2189,30,0
2015,381,623,2192,39,0
2015,381,670,2196,30,0
2015,489,623,2672,27,0
2015,489,670,2677,16,2
2015,623,670,3065,26,0
2016,382,490,2190,6,0
2016,382,624,2193,21,0
2016,382,671,2197,19,1
2016,490,624,2673,3,0
2016,490,671,2678,4,0
2016,624,671,3066,7,0
2017,383,402,2187,1,0
2017,383,625,2194,2,0
2017,383,672,2198,1,0
2017,383,729,2199,1,0
2017,383,942,2200,2,0
2017,402,625,2290,64,0
2017,402,672,2292,32,0
2017,402,729,2294,58,0
2017,402,942,2297,58,1
2017,625,672,3067,50,0
2017,625,729,3069,74,2
2017,625,942,3078,78,0
2017,672,729,3241,45,0
2017,672,942,3246,44,0
2017,729,942,3429,71,0
2018,403,626,2291,27,0
2018,403,673,2293,22,0
2018,403,730,2295,24,0
2018,403,763,2296,19,1
2018,403,943,2298,22,0
2018,626,673,3068,28,0
2018,626,730,3070,29,0
2018,626,763,3077,25,0
2018,626,943,3079,28,0
2018,673,730,3242,23,0
2018,673,763,3245,19,0
2018,673,943,3247,22,0
2018,730,763,3428,23,0
2018,730,943,3430,24,0
2018,763,943,3462,19,0
2007,59,568,429,112,3
2007,59,784,459,111,2
2007,59,913,499,96,0
2007,568,784,2928,120,0
2007,568,913,2979,106,0
2007,784,913,3536,108,0
2008,60,569,430,423,3
2008,60,655,438,338,2
2008,60,785,460,420,1
2008,60,793,468,414,2
2008,60,914,500,356,1
2008,569,655,2893,410,3
2008,569,785,2929,480,3
2008,569,793,2937,488,1
2008,569,914,2980,426,1
2008,655,785,3190,409,0
2008,655,793,3198,405,1
2008,655,914,3226,348,1
2008,785,793,3505,477,2
2008,785,914,3537,425,0
2008,793,914,3571,415,0
2009,61,441,416,332,3
2009,61,570,431,349,6
2009,61,656,439,322,0
2009,61,786,461,406,3
2009,61,794,469,320,2
2009,61,915,501,327,1
2009,441,570,2459,361,1
2009,441,656,2470,317,1
2009,441,786,2498,416,1
2009,441,794,2505,322,2
2009,441,915,2533,316,0
2009,570,656,2894,346,2
2009,570,786,2930,432,0
2009,570,794,2938,351,0
2009,570,915,2981,356,0
2009,656,786,3191,397,3
2009,656,794,3199,311,2
2009,656,915,3227,309,1
2009,786,794,3506,403,2
2009,786,915,3538,412,0
2009,794,915,3572,311,0
2010,62,442,417,108,0
2010,62,571,432,135,0
2010,62,657,440,119,1
2010,62,787,462,148,0
2010,62,795,470,127,0
2010,62,916,502,116,0
2010,442,571,2460,127,0
2010,442,657,2471,108,0
2010,442,787,2499,145,1
2010,442,795,2506,113,0
2010,442,916,2534,105,0
2010,571,657,2895,138,0
2010,571,787,2931,170,1
2010,571,795,2939,143,1
2010,571,916,2982,138,0
2010,657,787,3192,153,0
2010,657,795,3200,128,0
2010,657,916,3228,120,0
2010,787,795,3507,156,3
2010,787,916,3539,150,0
2010,795,916,3573,124,0
2011,63,443,418,111,1
2011,63,572,433,140,0
2011,63,658,441,126,1
2011,63,720,446,116,1
2011,63,788,463,133,0
2011,63,796,471,148,0
2011,63,805,476,122,0
2011,63,903,493,140,0
2011,63,917,503,115,0
2011,443,572,2461,105,0
2011,443,658,2472,95,0
2011,443,720,2481,83,0
2011,443,788,2500,102,0
2011,443,796,2507,111,2
2011,443,805,2516,90,0
2011,443,903,2524,106,0
2011,443,917,2535,80,0
2011,572,658,2896,119,1
2011,572,720,2905,113,1
2011,572,788,2932,130,1
2011,572,796,2940,142,0
2011,572,805,2949,116,1
2011,572,903,2969,134,0
2011,572,917,2983,107,0
2011,658,720,3173,107,0
2011,658,788,3193,117,1
2011,658,796,3201,133,0
2011,658,805,3210,105,0
2011,658,903,3217,122,0
2011,658,917,3229,103,0
2011,720,788,3386,108,0
2011,720,796,3391,122,1
2011,720,805,3400,93,0
2011,720,903,3407,110,0
2011,720,917,3416,90,0
2011,788,796,3508,136,3
2011,788,805,3513,114,1
2011,788,903,3530,132,0
2011,788,917,3540,105,0
2011,796,805,3554,126,0
2011,796,903,3562,139,0
2011,796,917,3574,118,0
2011,805,903,3587,118,0
2011,805,917,3592,96,0
2011,903,917,3777,109,0
2012,64,444,419,185,1
2012,64,573,434,226,4
2012,64,659,442,199,1
2012,64,721,447,184,0
2012,64,789,464,216,2
2012,64,797,472,224,2
2012,64,806,477,198,2
2012,64,904,494,191,0
2012,64,918,504,184,0
2012,444,573,2462,202,0
2012,444,659,2473,168,1
2012,444,721,2482,156,3
2012,444,789,2501,200,0
2012,444,797,2508,198,0
2012,444,806,2517,171,0
2012,444,904,2525,167,1
2012,444,918,2536,155,0
2012,573,659,2897,208,4
2012,573,721,2906,201,1
2012,573,789,2933,236,1
2012,573,797,2941,236,1
2012,573,806,2950,204,4
2012,573,904,2970,209,0
2012,573,918,2984,200,0
2012,659,721,3174,168,1
2012,659,789,3194,206,0
2012,659,797,3202,202,0
2012,659,806,3211,175,1
2012,659,904,3218,175,0
2012,659,918,3230,165,0
2012,721,789,3387,197,2
2012,721,797,3392,195,1
2012,721,806,3401,173,0
2012,721,904,3408,163,0
2012,721,918,3417,154,0
2012,789,797,3509,230,3
2012,789,806,3514,206,2
2012,789,904,3531,196,0
2012,789,918,3541,195,0
2012,797,806,3555,205,1
2012,797,904,3563,199,0
2012,797,918,3575,191,0
2012,806,904,3588,169,0
2012,806,918,3593,164,1
2012,904,918,3778,159,1
2013,65,373,413,17,0
2013,65,445,420,16,0
2013,65,574,435,16,0
2013,65,660,443,13,0
2013,65,722,448,15,0
2013,65,790,465,21,0
2013,65,798,473,17,0
2013,65,807,478,21,0
2013,65,905,495,18,0
2013,65,919,505,13,0
2013,65,1073,514,18,0
2013,373,445,2117,14,0
2013,373,574,2124,18,1
2013,373,660,2131,12,0
2013,373,722,2138,18,0
2013,373,790,2153,19,1
2013,373,798,2156,19,0
2013,373,807,2163,21,0
2013,373,905,2169,19,0
2013,373,919,2176,12,0
2013,373,1073,2180,18,1
2013,445,574,2463,16,0
2013,445,660,2474,9,0
2013,445,722,2483,16,0
2013,445,790,2502,16,0
2013,445,798,2509,17,0
2013,445,807,2518,20,0
2013,445,905,2526,17,0
2013,445,919,2537,11,0
2013,445,1073,2541,17,0
2013,574,660,2898,13,0
2013,574,722,2907,15,0
2013,574,790,2934,21,1
2013,574,798,2942,17,0
2013,574,807,2951,23,0
2013,574,905,2971,20,0
2013,574,919,2985,12,0
2013,574,1073,2995,18,0
2013,660,722,3175,12,0
2013,660,790,3195,15,0
2013,660,798,3203,14,0
2013,660,807,3212,17,0
2013,660,905,3219,13,0
2013,660,919,3231,8,0
2013,660,1073,3235,15,0
2013,722,790,3388,21,0
2013,722,798,3393,16,0
2013,722,807,3402,21,0
2013,722,905,3409,18,0
2013,722,919,3418,12,0
2013,722,1073,3422,16,0
2013,790,798,3510,22,1
2013,790,807,3515,26,0
2013,790,905,3532,21,0
2013,790,919,3542,17,0
2013,790,1073,3551,21,1
2013,798,807,3556,20,0
2013,798,905,3564,19,0
2013,798,919,3576,14,0
2013,798,1073,3580,21,0
2013,807,905,3589,23,0
2013,807,919,3594,17,0
2013,807,1073,3597,24,0
2013,905,919,3779,15,0
2013,905,1073,3783,21,0
2013,919,1073,3791,14,0
2014,66,374,414,39,0
2014,66,446,421,23,0
2014,66,575,436,32,0
2014,66,661,444,33,1
2014,66,723,449,24,0
2014,66,772,451,40,0
2014,66,791,466,34,0
2014,66,799,474,26,1
2014,66,808,479,26,0
2014,66,906,496,29,0
2014,66,920,506,28,0
2014,66,1074,515,26,0
2014,374,446,2118,31,0
2014,374,575,2125,37,0
2014,374,661,2132,40,0
2014,374,723,2139,34,0
2014,374,772,2147,49,0
2014,374,791,2154,38,0
2014,374,799,2157,32,0
2014,374,808,2164,35,1
2014,374,906,2170,36,0
2014,374,920,2177,40,0
2014,374,1074,2181,36,0
2014,446,575,2464,23,0
2014,446,661,2475,25,0
2014,446,723,2484,17,0
2014,446,772,2492,35,0
2014,446,791,2503,26,0
2014,446,799,2510,17,0
2014,446,808,2519,19,0
2014,446,906,2527,23,0
2014,446,920,2538,23,0
2014,446,1074,2542,20,0
2014,575,661,2899,34,0
2014,575,723,2908,27,0
2014,575,772,2916,43,0
2014,575,791,2935,32,0
2014,575,799,2943,26,0
2014,575,808,2952,25,0
2014,575,906,2972,31,0
2014,575,920,2986,29,0
2014,575,1074,2996,29,0
2014,661,723,3176,29,0
2014,661,772,3184,47,0
2014,661,791,3196,34,0
2014,661,799,3204,28,0
2014,661,808,3213,31,0
2014,661,906,3220,31,0
2014,661,920,3232,34,0
2014,661,1074,3236,30,0
2014,723,772,3380,39,0
2014,723,791,3389,29,0
2014,723,799,3394,19,0
2014,723,808,3403,20,1
2014,723,906,3410,26,0
2014,723,920,3419,26,0
2014,723,1074,3423,23,0
2014,772,791,3477,46,0
2014,772,799,3479,39,0
2014,772,808,3485,38,0
2014,772,906,3490,44,1
2014,772,920,3496,40,0
2014,772,1074,3499,39,1
2014,791,799,3511,28,0
2014,791,808,3516,30,0
2014,791,906,3533,33,0
2014,791,920,3543,34,0
2014,791,1074,3552,32,0
2014,799,808,3557,21,0
2014,799,906,3565,25,0
2014,799,920,3577,25,0
2014,799,1074,3581,21,0
2014,808,906,3590,28,0
2014,808,920,3595,27,0
2014,808,1074,3598,24,0
2014,906,920,3780,31,0
2014,906,1074,3784,27,0
2014,920,1074,3792,26,0
2015,67,375,415,10,0
2015,67,447,422,5,0
2015,67,576,437,11,0
2015,67,662,445,4,0
2015,67,724,450,2,0
2015,67,773,452,10,0
2015,67,792,467,5,0
2015,67,800,475,6,0
2015,67,809,480,1,0
2015,67,907,497,5,0
2015,67,921,507,5,1
2015,67,1075,516,1,0
2015,375,447,2119,11,0
2015,375,576,2126,16,0
2015,375,662,2133,9,0
2015,375,724,2140,8,0
2015,375,773,2148,15,0
2015,375,792,2155,10,1
2015,375,800,2158,12,0
2015,375,809,2165,3,0
2015,375,907,2171,11,0
2015,375,921,2178,10,0
2015,375,1075,2182,3,0
2015,447,576,2465,12,0
2015,447,662,2476,5,0
2015,447,724,2485,3,0
2015,447,773,2493,11,0
2015,447,792,2504,6,0
2015,447,800,2511,6,0
2015,447,809,2520,2,0
2015,447,907,2528,6,0
2015,447,921,2539,6,0
2015,447,1075,2543,2,0
2015,576,662,2900,11,0
2015,576,724,2909,9,0
2015,576,773,2917,15,0
2015,576,792,2936,12,0
2015,576,800,2944,12,0
2015,576,809,2953,3,0
2015,576,907,2973,11,0
2015,576,921,2987,11,0
2015,576,1075,2997,3,0
2015,662,724,3177,2,0
2015,662,773,3185,10,0
2015,662,792,3197,5,0
2015,662,800,3205,6,0
2015,662,907,3221,5,0
2015,662,921,3233,4,0
2015,724,773,3381,8,0
2015,724,792,3390,3,0
2015,724,800,3395,4,0
2015,724,907,3411,3,0
2015,724,921,3420,3,0
2015,773,792,3478,11,0
2015,773,800,3480,12,0
2015,773,809,3486,3,0
2015,773,907,3491,11,0
2015,773,921,3497,10,0
2015,773,1075,3500,3,0
2015,792,800,3512,7,0
2015,792,809,3517,1,0
2015,792,907,3534,6,0
2015,792,921,3544,6,0
2015,792,1075,3553,1,0
2015,800,809,3558,2,0
2015,800,907,3566,7,0
2015,800,921,3578,7,0
2015,800,1075,3582,2,0
2015,809,907,3591,2,0
2015,809,921,3596,1,0
2015,907,921,3781,6,0
2015,907,1075,3785,2,0
2015,921,1075,3793,1,0
2016,376,448,2120,39,0
2016,376,577,2127,42,0
2016,376,663,2134,27,0
2016,376,725,2141,37,0
2016,376,774,2149,40,0
2016,376,801,2159,37,0
2016,376,908,2172,33,0
2016,376,922,2179,20,0
2016,376,1076,2183,42,0
2016,448,577,2466,33,1
2016,448,663,2477,20,0
2016,448,725,2486,27,0
2016,448,774,2494,31,0
2016,448,801,2512,27,0
2016,448,908,2529,20,0
2016,448,922,2540,17,0
2016,448,1076,2544,29,0
2016,577,663,2901,23,0
2016,577,725,2910,34,0
2016,577,774,2918,38,0
2016,577,801,2945,32,0
2016,577,908,2974,27,0
2016,577,922,2988,18,0
2016,577,1076,2998,34,0
2016,663,725,3178,23,0
2016,663,774,3186,26,0
2016,663,801,3206,20,0
2016,663,908,3222,17,0
2016,663,922,3234,18,0
2016,663,1076,3237,24,0
2016,725,774,3382,34,0
2016,725,801,3396,29,0
2016,725,908,3412,22,1
2016,725,922,3421,18,0
2016,725,1076,3424,31,0
2016,774,801,3481,31,0
2016,774,908,3492,26,0
2016,774,922,3498,20,0
2016,774,1076,3501,36,0
2016,801,908,3567,21,0
2016,801,922,3579,19,0
2016,801,1076,3583,27,0
2016,908,922,3782,15,0
2016,908,1076,3786,22,0
2016,922,1076,3794,21,0
2017,377,449,2121,81,0
2017,377,578,2128,98,0
2017,377,664,2135,68,0
2017,377,726,2142,82,0
2017,377,775,2150,83,0
2017,377,802,2160,98,0
2017,377,822,2166,102,1
2017,377,909,2173,71,0
2017,377,1077,2184,81,0
2017,449,578,2467,110,1
2017,449,664,2478,75,0
2017,449,726,2487,90,0
2017,449,775,2495,92,1
2017,449,802,2513,107,0
2017,449,822,2521,109,0
2017,449,909,2530,79,0
2017,449,1077,2545,88,0
2017,578,664,2902,95,0
2017,578,726,2911,108,0
2017,578,775,2919,105,0
2017,578,802,2946,120,0
2017,578,822,2954,128,0
2017,578,909,2975,95,0
2017,578,1077,2999,103,0
2017,664,726,3179,77,0
2017,664,775,3187,76,0
2017,664,802,3207,93,1
2017,664,822,3214,95,0
2017,664,909,3223,64,0
2017,664,1077,3238,74,0
2017,726,775,3383,92,0
2017,726,802,3397,106,0
2017,726,822,3404,104,0
2017,726,909,3413,77,0
2017,726,1077,3425,83,1
2017,775,802,3482,102,0
2017,775,822,3487,107,0
2017,775,909,3493,76,0
2017,775,1077,3502,87,0
2017,802,822,3559,123,0
2017,802,909,3568,92,0
2017,802,1077,3584,103,0
2017,822,909,3608,93,0
2017,822,1077,3611,104,0
2017,909,1077,3787,72,0
2018,378,450,2122,22,0
2018,378,579,2129,31,0
2018,378,665,2136,17,0
2018,378,727,2143,24,0
2018,378,770,2145,17,1
2018,378,776,2151,36,0
2018,378,803,2161,31,0
2018,378,823,2167,36,0
2018,378,910,2174,28,0
2018,378,1078,2185,26,0
2018,450,579,2468,27,0
2018,450,665,2479,13,0
2018,450,727,2488,21,0
2018,450,770,2490,14,0
2018,450,776,2496,33,0
2018,450,803,2514,26,0
2018,450,823,2522,32,0
2018,450,910,2531,21,0
2018,450,1078,2546,23,0
2018,579,665,2903,22,0
2018,579,727,2912,29,0
2018,579,770,2914,22,0
2018,579,776,2920,40,0
2018,579,803,2947,37,0
2018,579,823,2955,42,0
2018,579,910,2976,31,0
2018,579,1078,3000,32,0
2018,665,727,3180,16,0
2018,665,770,3182,9,0
2018,665,776,3188,27,0
2018,665,803,3208,24,0
2018,665,823,3215,28,0
2018,665,910,3224,18,0
2018,665,1078,3239,20,0
2018,727,770,3378,17,1
2018,727,776,3384,35,0
2018,727,803,3398,31,0
2018,727,823,3405,36,0
2018,727,910,3414,25,0
2018,727,1078,3426,26,0
2018,770,776,3467,26,0
2018,770,803,3469,24,0
2018,770,823,3471,26,0
2018,770,910,3473,17,0
2018,770,1078,3475,17,0
2018,776,803,3483,41,0
2018,776,823,3488,45,0
2018,776,910,3494,37,0
2018,776,1078,3503,37,0
2018,803,823,3560,43,0
2018,803,910,3569,35,0
2018,803,1078,3585,34,0
2018,823,910,3609,37,1
2018,823,1078,3612,36,0
2018,910,1078,3788,28,0
2019,379,451,2123,50,0
2019,379,580,2130,68,1
2019,379,666,2137,48,0
2019,379,728,2144,44,0
2019,379,771,2146,72,0
2019,379,777,2152,60,0
2019,379,804,2162,58,0
2019,379,824,2168,64,0
2019,379,911,2175,43,0
2019,379,1079,2186,15,0
2019,451,580,2469,91,0
2019,451,666,2480,55,0
2019,451,728,2489,60,1
2019,451,771,2491,100,1
2019,451,777,2497,74,0
2019,451,804,2515,73,0
2019,451,824,2523,81,0
2019,451,911,2532,54,0
2019,451,1079,2547,14,0
2019,580,666,2904,200,0
2019,580,728,2913,188,2
2019,580,771,2915,253,1
2019,580,777,2921,194,0
2019,580,804,2948,217,0
2019,580,824,2956,215,0
2019,580,911,2977,179,0
2019,580,1079,3001,20,0
2019,666,728,3181,120,0
2019,666,771,3183,187,0
2019,666,777,3189,123,1
2019,666,804,3209,152,0
2019,666,824,3216,150,0
2019,666,911,3225,114,0
2019,666,1079,3240,13,0
2019,728,771,3379,168,2
2019,728,777,3385,111,0
2019,728,804,3399,140,0
2019,728,824,3406,133,0
2019,728,911,3415,98,0
2019,728,1079,3427,8,0
2019,771,777,3468,183,0
2019,771,804,3470,202,1
2019,771,824,3472,198,1
2019,771,911,3474,170,1
2019,771,1079,3476,18,0
2019,777,804,3484,147,1
2019,777,824,3489,141,0
2019,777,911,3495,106,0
2019,777,1079,3504,19,0
2019,804,824,3561,165,0
2019,804,911,3570,135,0
2019,804,1079,3586,15,0
2019,824,911,3610,128,1
2019,824,1079,3613,15,0
2019,911,1079,3789,6,0
2002,68,181,517,236,0
2002,68,225,520,273,2
2002,68,231,523,271,1
2002,68,521,528,321,8
2002,68,835,532,200,1
2002,68,857,535,286,4
2002,68,890,538,277,1
2002,68,1007,541,282,2
2002,68,1070,544,273,2
2002,181,225,1081,201,1
2002,181,231,1084,190,0
2002,181,521,1089,262,0
2002,181,835,1095,124,1
2002,181,857,1098,209,1
2002,181,890,1105,200,0
2002,181,1007,1112,201,0
2002,181,1070,1119,199,0
2002,225,231,1343,238,0
2002,225,521,1348,305,1
2002,225,835,1353,171,0
2002,225,857,1356,253,0
2002,225,890,1368,234,3
2002,225,1007,1382,245,1
2002,225,1070,1393,235,0
2002,231,521,1418,294,1
2002,231,835,1459,162,0
2002,231,857,1468,239,0
2002,231,890,1477,235,0
2002,231,1007,1480,237,1
2002,231,1070,1483,224,1
2002,521,835,2794,235,0
2002,521,857,2803,312,1
2002,521,890,2812,302,1
2002,521,1007,2815,312,0
2002,521,1070,2818,304,1
2002,835,857,3631,180,0
2002,835,890,3640,170,0
2002,835,1007,3644,177,1
2002,835,1070,3648,169,1
2002,857,890,3669,251,4
2002,857,1007,3672,244,2
2002,857,1070,3675,244,2
2002,890,1007,3737,243,0
2002,890,1070,3748,239,2
2002,1007,1070,3846,239,1
2003,69,182,518,167,0
2003,69,226,521,155,0
2003,69,232,524,163,1
2003,69,347,526,168,1
2003,69,522,529,225,8
2003,69,836,533,166,1
2003,69,858,536,183,0
2003,69,891,539,181,0
2003,69,1008,542,192,0
2003,69,1071,545,195,0
2003,182,226,1082,136,0
2003,182,232,1085,144,0
2003,182,347,1087,153,0
2003,182,522,1090,211,0
2003,182,836,1096,141,0
2003,182,858,1099,162,1
2003,182,891,1106,159,0
2003,182,1008,1113,165,0
2003,182,1071,1120,168,0
2003,226,232,1344,137,1
2003,226,347,1346,146,0
2003,226,522,1349,209,0
2003,226,836,1354,137,0
2003,226,858,1357,158,0
2003,226,891,1369,155,0
2003,226,1008,1383,163,0
2003,226,1071,1394,163,1
2003,232,347,1407,154,0
2003,232,522,1419,216,2
2003,232,836,1460,144,0
2003,232,858,1469,166,0
2003,232,891,1478,165,0
2003,232,1008,1481,169,0
2003,232,1071,1484,174,0
2003,347,522,1999,220,1
2003,347,836,2048,151,0
2003,347,858,2056,170,0
2003,347,891,2064,166,0
2003,347,1008,2066,177,0
2003,347,1071,2068,181,0
2003,522,836,2795,215,0
2003,522,858,2804,239,0
2003,522,891,2813,231,2
2003,522,1008,2816,243,0
2003,522,1071,2819,244,0
2003,836,858,3632,166,0
2003,836,891,3641,162,0
2003,836,1008,3645,165,0
2003,836,1071,3649,174,0
2003,858,891,3670,184,0
2003,858,1008,3673,186,0
2003,858,1071,3676,197,0
2003,891,1008,3738,188,0
2003,891,1071,3749,191,1
2003,1008,1071,3847,195,1
2004,70,183,519,63,0
2004,70,227,522,99,0
2004,70,233,525,305,1
2004,70,348,527,295,4
2004,70,523,530,275,6
2004,70,581,531,302,7
2004,70,837,534,216,0
2004,70,859,537,286,1
2004,70,892,540,111,0
2004,70,1009,543,88,0
2004,70,1072,546,86,0
2004,183,227,1083,39,0
2004,183,233,1086,56,0
2004,183,348,1088,88,0
2004,183,523,1091,77,0
2004,183,581,1092,82,0
2004,183,837,1097,28,0
2004,183,859,1100,71,0
2004,183,892,1107,47,0
2004,183,1009,1114,34,0
2004,183,1072,1121,31,0
2004,227,233,1345,88,0
2004,227,348,1347,126,2
2004,227,523,1350,118,0
2004,227,581,1351,121,0
2004,227,837,1355,55,0
2004,227,859,1358,105,0
2004,227,892,1370,77,1
2004,227,1009,1384,60,0
2004,227,1072,1395,57,0
2004,233,348,1408,429,1
2004,233,523,1420,432,0
2004,233,581,1436,453,2
2004,233,837,1461,289,0
2004,233,859,1470,380,3
2004,233,892,1479,100,0
2004,233,1009,1482,77,0
2004,233,1072,1485,73,0
2004,348,523,2000,416,4
2004,348,581,2019,446,4
2004,348,837,2049,301,0
2004,348,859,2057,394,1
2004,348,892,2065,132,1
2004,348,1009,2067,113,0
2004,348,1072,2069,104,0
2004,523,581,2774,434,14
2004,523,837,2796,292,0
2004,523,859,2805,391,1
2004,523,892,2814,130,0
2004,523,1009,2817,99,0
2004,523,1072,2820,101,0
2004,581,837,3026,323,2
2004,581,859,3033,423,1
2004,581,892,3040,131,0
2004,581,1009,3042,106,0
2004,581,1072,3043,103,0
2004,837,859,3633,252,2
2004,837,892,3642,60,0
2004,837,1009,3646,48,0
2004,837,1072,3650,42,0
2004,859,892,3671,108,0
2004,859,1009,3674,91,0
2004,859,1072,3677,91,0
2004,892,1009,3739,69,0
2004,892,1072,3750,65,0
2004,1009,1072,3848,50,0
2005,234,349,1409,573,3
2005,234,524,1421,601,1
2005,234,582,1437,565,0
2005,234,838,1462,416,0
2005,234,860,1471,423,2
2005,349,524,2001,667,8
2005,349,582,2020,639,5
2005,349,838,2050,518,2
2005,349,860,2058,528,2
2005,524,582,2775,666,13
2005,524,838,2797,537,1
2005,524,860,2806,566,1
2005,582,838,3027,511,0
2005,582,860,3034,517,0
2005,838,860,3634,367,2
2006,235,284,1399,641,2
2006,235,350,1410,641,2
2006,235,525,1422,845,0
2006,235,532,1429,748,2
2006,235,583,1438,733,0
2006,235,839,1463,573,0
2006,235,861,1472,561,2
2006,284,350,1647,633,2
2006,284,525,1655,829,0
2006,284,532,1662,705,2
2006,284,583,1669,707,0
2006,284,839,1695,560,0
2006,284,861,1700,537,4
2006,350,525,2002,806,4
2006,350,532,2009,706,6
2006,350,583,2021,704,2
2006,350,839,2051,552,1
2006,350,861,2059,547,0
2006,525,532,2767,880,10
2006,525,583,2776,869,3
2006,525,839,2798,742,0
2006,525,861,2807,759,0
2006,532,583,2821,763,6
2006,532,839,2859,642,0
2006,532,861,2864,640,1
2006,583,839,3028,639,0
2006,583,861,3035,623,1
2006,839,861,3635,468,1
2007,236,285,1400,310,1
2007,236,351,1411,337,0
2007,236,526,1423,370,1
2007,236,533,1430,330,1
2007,236,584,1439,340,0
2007,236,840,1464,236,0
2007,236,862,1473,250,0
2007,285,351,1648,357,1
2007,285,526,1656,380,1
2007,285,533,1663,350,0
2007,285,584,1670,367,1
2007,285,840,1696,254,0
2007,285,862,1701,268,0
2007,351,526,2003,416,0
2007,351,533,2010,377,1
2007,351,584,2022,392,1
2007,351,840,2052,289,0
2007,351,862,2060,299,0
2007,526,533,2768,386,2
2007,526,584,2777,405,2
2007,526,840,2799,305,0
2007,526,862,2808,329,0
2007,533,584,2822,364,1
2007,533,840,2860,278,0
2007,533,862,2865,295,0
2007,584,840,3029,297,1
2007,584,862,3036,316,0
2007,840,862,3636,212,0
2008,237,286,1401,291,0
2008,237,352,1412,302,0
2008,237,527,1424,426,2
2008,237,534,1431,363,0
2008,237,585,1440,366,0
2008,237,841,1465,269,0
2008,237,863,1474,258,0
2008,286,352,1649,303,0
2008,286,527,1657,429,0
2008,286,534,1664,367,2
2008,286,585,1671,365,1
2008,286,841,1697,273,0
2008,286,863,1702,260,3
2008,352,527,2004,423,4
2008,352,534,2011,355,1
2008,352,585,2023,374,1
2008,352,841,2053,279,0
2008,352,863,2061,265,0
2008,527,534,2769,487,3
2008,527,585,2778,489,7
2008,527,841,2800,405,0
2008,527,863,2809,397,0
2008,534,585,2823,414,9
2008,534,841,2861,344,0
2008,534,863,2866,330,0
2008,585,841,3030,352,0
2008,585,863,3037,337,0
2008,841,863,3637,237,0
2009,238,287,1402,304,0
2009,238,353,1413,311,0
2009,238,528,1425,426,0
2009,238,535,1432,351,0
2009,238,586,1441,393,0
2009,238,645,1445,356,1
2009,238,818,1455,359,0
2009,238,842,1466,214,0
2009,238,864,1475,262,0
2009,287,353,1650,364,2
2009,287,528,1658,485,1
2009,287,535,1665,405,2
2009,287,586,1672,456,0
2009,287,645,1676,397,2
2009,287,818,1691,401,2
2009,287,842,1698,234,0
2009,287,864,1703,305,0
2009,353,528,2005,500,2
2009,353,535,2012,409,0
2009,353,586,2024,456,0
2009,353,645,2031,410,3
2009,353,818,2044,414,1
2009,353,842,2054,262,0
2009,353,864,2062,309,0
2009,528,535,2770,517,6
2009,528,586,2779,546,5
2009,528,645,2783,534,4
2009,528,818,2790,537,0
2009,528,842,2801,324,0
2009,528,864,2810,429,0
2009,535,586,2824,483,4
2009,535,645,2835,444,3
2009,535,818,2855,454,1
2009,535,842,2862,266,0
2009,535,864,2867,354,0
2009,586,645,3002,484,5
2009,586,818,3022,503,0
2009,586,842,3031,306,0
2009,586,864,3038,390,0
2009,645,818,3165,443,0
2009,645,842,3169,266,1
2009,645,864,3171,357,0
2009,818,842,3599,298,0
2009,818,864,3601,352,3
2009,842,864,3638,204,0
2010,239,288,1403,321,0
2010,239,354,1414,263,3
2010,239,529,1426,362,0
2010,239,536,1433,292,0
2010,239,587,1442,345,0
2010,239,646,1446,302,0
2010,239,734,1449,290,0
2010,239,819,1456,181,0
2010,239,843,1467,9,0
2010,239,865,1476,100,0
2010,288,354,1651,346,1
2010,288,529,1659,447,1
2010,288,536,1666,376,0
2010,288,587,1673,421,3
2010,288,646,1677,387,1
2010,288,734,1680,372,0
2010,288,819,1692,228,3
2010,288,843,1699,5,0
2010,288,865,1704,155,1
2010,354,529,2006,384,0
2010,354,536,2013,315,0
2010,354,587,2025,361,1
2010,354,646,2032,321,2
2010,354,734,2038,305,0
2010,354,819,2045,198,0
2010,354,843,2055,8,0
2010,354,865,2063,116,0
2010,529,536,2771,407,3
2010,529,587,2780,438,9
2010,529,646,2784,409,3
2010,529,734,2787,404,3
2010,529,819,2791,270,0
2010,529,843,2802,14,0
2010,529,865,2811,142,0
2010,536,587,2825,391,2
2010,536,646,2836,346,0
2010,536,734,2845,349,1
2010,536,819,2856,212,0
2010,536,843,2863,11,0
2010,536,865,2868,114,0
2010,587,646,3003,386,2
2010,587,734,3012,389,1
2010,587,819,3023,252,0
2010,587,843,3032,13,0
2010,587,865,3039,148,0
2010,646,734,3156,347,1
2010,646,819,3166,217,0
2010,646,843,3170,14,0
2010,646,865,3172,114,0
2010,734,819,3440,223,0
2010,734,843,3443,7,0
2010,734,865,3444,132,0
2010,819,843,3600,6,0
2010,819,865,3602,108,0
2011,240,289,1404,138,0
2011,240,355,1415,157,0
2011,240,530,1427,249,0
2011,240,537,1434,181,0
2011,240,588,1443,222,0
2011,240,647,1447,174,0
2011,240,735,1450,174,0
2011,240,820,1457,141,2
2011,289,355,1652,149,1
2011,289,530,1660,235,1
2011,289,537,1667,168,0
2011,289,588,1674,209,1
2011,289,647,1678,170,0
2011,289,735,1681,171,0
2011,289,820,1693,130,1
2011,355,530,2007,257,1
2011,355,537,2014,192,1
2011,355,588,2026,231,0
2011,355,647,2033,197,0
2011,355,735,2039,191,0
2011,355,820,2046,154,0
2011,530,537,2772,275,0
2011,530,588,2781,307,4
2011,530,647,2785,277,3
2011,530,735,2788,273,2
2011,530,820,2792,237,0
2011,537,588,2826,250,0
2011,537,647,2837,207,1
2011,537,735,2846,196,1
2011,537,820,2857,170,0
2011,588,647,3004,249,4
2011,588,735,3013,233,2
2011,588,820,3024,217,1
2011,647,735,3157,203,2
2011,647,820,3167,170,0
2011,735,820,3441,171,0
2012,241,290,1405,209,0
2012,241,356,1416,210,1
2012,241,384,1417,237,0
2012,241,531,1428,333,0
2012,241,538,1435,233,0
2012,241,589,1444,263,0
2012,241,648,1448,235,0
2012,241,736,1451,242,0
2012,241,821,1458,226,2
2012,290,356,1653,222,1
2012,290,384,1654,260,1
2012,290,531,1661,352,0
2012,290,538,1668,255,0
2012,290,589,1675,285,0
2012,290,648,1679,259,0
2012,290,736,1682,264,0
2012,290,821,1694,244,1
2012,356,384,1993,438,3
2012,356,531,2008,336,2
2012,356,538,2015,424,0
2012,356,589,2027,493,0
2012,356,648,2034,434,0
2012,356,736,2040,433,0
2012,356,821,2047,244,0
2012,384,531,2203,367,4
2012,384,538,2204,465,3
2012,384,589,2208,523,6
2012,384,648,2212,484,3
2012,384,736,2216,465,4
2012,384,821,2220,275,0
2012,531,538,2773,362,0
2012,531,589,2782,385,7
2012,531,648,2786,379,3
2012,531,736,2789,363,3
2012,531,821,2793,369,0
2012,538,589,2827,512,1
2012,538,648,2838,456,2
2012,538,736,2847,448,1
2012,538,821,2858,266,1
2012,589,648,3005,519,5
2012,589,736,3014,521,2
2012,589,821,3025,302,1
2012,648,736,3158,467,5
2012,648,821,3168,279,0
2012,736,821,3442,280,0
2013,357,385,1994,496,3
2013,357,539,2016,384,3
2013,357,590,2028,502,6
2013,357,649,2035,431,0
2013,357,737,2041,392,1
2013,385,539,2205,500,2
2013,385,590,2209,590,12
2013,385,649,2213,535,4
2013,385,737,2217,490,3
2013,539,590,2828,493,2
2013,539,649,2839,433,0
2013,539,737,2848,386,4
2013,590,649,3006,536,2
2013,590,737,3015,493,3
2013,649,737,3159,436,2
2014,358,386,1995,82,0
2014,358,540,2017,99,0
2014,358,591,2029,111,0
2014,358,650,2036,81,0
2014,358,738,2042,94,0
2014,386,540,2206,81,0
2014,386,591,2210,101,0
2014,386,650,2214,68,0
2014,386,738,2218,76,1
2014,540,591,2829,115,0
2014,540,650,2840,85,0
2014,540,738,2849,93,0
2014,591,650,3007,100,1
2014,591,738,3016,109,0
2014,650,738,3160,76,1
2015,359,387,1996,65,0
2015,359,388,1997,71,1
2015,359,404,1998,64,0
2015,359,541,2018,87,1
2015,359,592,2030,91,0
2015,359,651,2037,73,0
2015,359,739,2043,81,0
2015,387,388,2201,60,0
2015,387,404,2202,50,0
2015,387,541,2207,69,0
2015,387,592,2211,74,0
2015,387,651,2215,63,0
2015,387,739,2219,65,0
2015,388,404,2221,58,0
2015,388,541,2226,84,0
2015,388,592,2231,89,0
2015,388,651,2236,71,0
2015,388,739,2240,78,0
2015,404,541,2299,73,0
2015,404,592,2304,73,0
2015,404,651,2309,61,1
2015,404,739,2313,66,0
2015,541,592,2830,99,0
2015,541,651,2841,87,0
2015,541,739,2850,90,0
2015,592,651,3008,91,0
2015,592,739,3017,83,1
2015,651,739,3161,82,0
2016,389,405,2222,21,2
2016,389,542,2227,24,0
2016,389,593,2232,27,0
2016,389,652,2237,22,0
2016,389,740,2241,22,1
2016,405,542,2300,22,0
2016,405,593,2305,24,0
2016,405,652,2310,19,0
2016,405,740,2314,21,0
2016,542,593,2831,28,0
2016,542,652,2842,22,0
2016,542,740,2851,26,0
2016,593,652,3009,25,1
2016,593,740,3018,26,1
2016,652,740,3162,24,1
2017,390,406,2223,36,0
2017,390,543,2228,46,0
2017,390,594,2233,49,0
2017,390,653,2238,35,0
2017,390,741,2242,48,0
2017,390,981,2245,2,0
2017,406,543,2301,43,0
2017,406,594,2306,50,0
2017,406,653,2311,34,0
2017,406,741,2315,46,0
2017,406,981,2318,1,0
2017,543,594,2832,57,1
2017,543,653,2843,42,0
2017,543,741,2852,49,1
2017,594,653,3010,49,0
2017,594,741,3019,60,0
2017,594,981,3041,2,0
2017,653,741,3163,44,1
2017,741,981,3445,1,0
2018,391,407,2224,38,0
2018,391,544,2229,57,1
2018,391,595,2234,67,1
2018,391,654,2239,50,0
2018,391,742,2243,48,0
2018,407,544,2302,51,0
2018,407,595,2307,59,0
2018,407,654,2312,46,0
2018,407,742,2316,44,1
2018,544,595,2833,73,1
2018,544,654,2844,61,0
2018,544,742,2853,62,0
2018,595,654,3011,69,2
2018,595,742,3020,64,1
2018,654,742,3164,56,0
2019,392,408,2225,96,0
2019,392,545,2230,142,0
2019,392,596,2235,29,0
2019,392,743,2244,116,0
2019,408,545,2303,110,0
2019,408,596,2308,22,0
2019,408,743,2317,89,0
2019,545,596,2834,22,2
2019,545,743,2854,134,0
2019,596,743,3021,22,0
2003,103,433,767,4,0
2003,103,500,780,17,0
2003,103,755,799,14,0
2003,433,500,2431,15,0
2003,433,755,2450,11,0
2003,500,755,2723,21,0
2005,104,434,768,14,0
2005,104,464,775,11,0
2005,104,501,781,14,0
2005,104,756,800,3,0
2005,104,986,802,13,0
2005,434,464,2426,7,0
2005,434,501,2432,10,0
2005,434,986,2452,9,0
2005,464,501,2590,8,0
2005,464,986,2593,7,0
2005,501,986,2726,9,0
2006,105,317,761,5,0
2006,105,435,769,9,0
2006,105,465,776,8,0
2006,105,502,782,12,0
2006,105,744,793,8,0
2006,105,987,803,11,0
2006,317,435,1823,6,1
2006,317,465,1829,5,0
2006,317,502,1840,11,0
2006,317,744,1861,5,0
2006,317,987,1879,11,0
2006,435,465,2427,9,0
2006,435,502,2433,14,0
2006,435,744,2444,9,0
2006,435,987,2453,15,0
2006,465,502,2591,13,0
2006,465,744,2592,7,1
2006,465,987,2594,14,0
2006,502,744,2716,12,0
2006,502,987,2727,17,0
2006,744,987,3452,13,0
2008,106,318,762,4,0
2008,106,436,770,4,0
2008,106,503,783,5,0
2008,106,509,788,4,0
2008,106,745,794,4,0
2008,106,988,804,2,0
2008,318,436,1824,3,0
2008,318,503,1841,5,0
2008,318,509,1847,3,1
2008,318,745,1862,3,0
2008,318,988,1880,3,0
2008,436,503,2434,5,0
2008,436,509,2439,4,0
2008,436,745,2445,4,0
2008,436,988,2454,3,0
2008,503,509,2710,5,0
2008,503,745,2717,5,0
2008,503,988,2728,4,0
2008,509,745,2738,2,0
2008,509,988,2756,3,0
2008,745,988,3453,3,0
2009,107,319,763,44,0
2009,107,437,771,54,0
2009,107,504,784,64,0
2009,107,510,789,54,0
2009,107,746,795,52,0
2009,107,989,805,57,0
2009,319,437,1825,35,0
2009,319,504,1842,45,1
2009,319,510,1848,33,0
2009,319,746,1863,33,0
2009,319,989,1881,32,0
2009,437,504,2435,52,1
2009,437,510,2440,44,0
2009,437,746,2446,44,0
2009,437,989,2455,48,0
2009,504,510,2711,57,0
2009,504,746,2718,57,0
2009,504,989,2729,57,0
2009,510,746,2739,45,0
2009,510,989,2757,47,1
2009,746,989,3454,45,0
2010,108,320,764,304,0
2010,108,438,772,379,0
2010,108,470,777,388,1
2010,108,505,785,400,2
2010,108,511,790,363,0
2010,108,747,796,342,0
2010,108,990,806,367,1
2010,320,438,1826,270,1
2010,320,470,1830,294,0
2010,320,505,1843,295,1
2010,320,511,1849,236,1
2010,320,747,1864,241,1
2010,320,990,1882,255,0
2010,438,470,2428,374,3
2010,438,505,2436,376,2
2010,438,511,2441,326,0
2010,438,747,2447,311,0
2010,438,990,2456,330,1
2010,470,505,2615,385,0
2010,470,511,2619,343,0
2010,470,747,2624,328,0
2010,470,990,2634,345,0
2010,505,511,2712,347,0
2010,505,747,2719,326,0
2010,505,990,2730,342,0
2010,511,747,2740,280,0
2010,511,990,2758,309,1
2010,747,990,3455,294,1
2011,109,321,765,106,0
2011,109,439,773,107,0
2011,109,471,778,109,0
2011,109,506,786,132,0
2011,109,512,791,108,0
2011,109,748,797,98,0
2011,109,991,807,105,0
2011,321,439,1827,66,1
2011,321,471,1831,73,0
2011,321,506,1844,85,1
2011,321,512,1850,63,2
2011,321,748,1865,60,0
2011,321,991,1883,68,0
2011,439,471,2429,68,0
2011,439,506,2437,88,0
2011,439,512,2442,65,1
2011,439,748,2448,56,0
2011,439,991,2457,66,0
2011,471,506,2616,94,0
2011,471,512,2620,71,0
2011,471,748,2625,66,0
2011,471,991,2635,75,1
2011,506,512,2713,89,0
2011,506,748,2720,82,0
2011,506,991,2731,92,1
2011,512,748,2741,57,0
2011,512,991,2759,65,0
2011,748,991,3456,61,0
2012,110,322,766,85,0
2012,110,440,774,83,0
2012,110,472,779,100,0
2012,110,507,787,97,0
2012,110,513,792,75,0
2012,110,749,798,71,0
2012,110,956,801,76,0
2012,110,992,808,78,0
2012,322,440,1828,74,1
2012,322,472,1832,93,0
2012,322,507,1845,88,0
2012,322,513,1851,60,1
2012,322,749,1866,67,0
2012,322,956,1872,67,0
2012,322,992,1884,66,0
2012,440,472,2430,84,1
2012,440,507,2438,78,0
2012,440,513,2443,64,0
2012,440,749,2449,65,1
2012,440,956,2451,65,1
2012,440,992,2458,71,0
2012,472,507,2617,100,0
2012,472,513,2621,84,1
2012,472,749,2626,83,0
2012,472,956,2630,83,0
2012,472,992,2636,86,0
2012,507,513,2714,78,2
2012,507,749,2721,80,0
2012,507,956,2724,79,1
2012,507,992,2732,81,2
2012,513,749,2742,56,0
2012,513,956,2748,59,0
2012,513,992,2760,58,0
2012,749,956,3446,59,1
2012,749,992,3457,61,0
2012,956,992,3829,60,0
2013,16,323,143,22,0
2013,16,473,160,33,1
2013,16,508,167,30,0
2013,16,514,168,24,0
2013,16,750,177,20,0
2013,16,957,182,20,0
2013,16,993,188,21,0
2013,323,473,1833,33,0
2013,323,508,1846,28,1
2013,323,514,1852,22,0
2013,323,750,1867,16,0
2013,323,957,1873,19,0
2013,323,993,1885,19,0
2013,473,508,2618,41,0
2013,473,514,2622,34,0
2013,473,750,2627,29,0
2013,473,957,2631,27,1
2013,473,993,2637,30,0
2013,508,514,2715,29,0
2013,508,750,2722,24,0
2013,508,957,2725,24,0
2013,508,993,2733,24,0
2013,514,750,2743,18,0
2013,514,957,2749,19,0
2013,514,993,2761,19,0
2013,750,957,3447,15,0
2013,750,993,3458,14,0
2013,957,993,3830,15,0
2014,17,23,138,4,0
2014,17,324,144,1,0
2014,17,421,149,4,0
2014,17,427,154,2,0
2014,17,474,161,4,0
2014,17,476,162,2,0
2014,17,515,169,2,0
2014,17,751,178,3,0
2014,17,958,183,6,0
2014,17,994,189,2,0
2014,23,324,193,3,0
2014,23,421,198,6,0
2014,23,427,203,4,0
2014,23,474,208,6,0
2014,23,476,209,4,0
2014,23,515,214,4,0
2014,23,751,222,5,0
2014,23,958,226,8,0
2014,23,994,231,4,0
2014,324,421,1813,3,0
2014,324,427,1818,1,0
2014,324,474,1834,3,0
2014,324,476,1835,1,0
2014,324,515,1853,1,0
2014,324,751,1868,2,0
2014,324,958,1874,5,0
2014,324,994,1886,1,0
2014,421,427,2357,4,0
2014,421,474,2363,6,0
2014,421,476,2364,4,0
2014,421,515,2370,4,0
2014,421,751,2380,5,0
2014,421,958,2384,8,0
2014,421,994,2390,4,0
2014,427,474,2395,4,0
2014,427,476,2397,2,0
2014,427,515,2403,2,0
2014,427,751,2412,3,0
2014,427,958,2416,6,0
2014,427,994,2422,2,0
2014,474,476,2614,4,0
2014,474,515,2623,4,0
2014,474,751,2628,5,0
2014,474,958,2632,7,0
2014,474,994,2638,4,0
2014,476,515,2640,2,0
2014,476,751,2650,3,0
2014,476,958,2654,6,0
2014,476,994,2660,2,0
2014,515,751,2744,3,0
2014,515,958,2750,6,0
2014,515,994,2762,2,0
2014,751,958,3448,6,0
2014,751,994,3459,3,0
2014,958,994,3831,6,0
2015,18,24,139,5,0
2015,18,325,145,7,0
2015,18,422,150,9,0
2015,18,428,155,12,0
2015,18,477,163,7,0
2015,18,516,170,8,0
2015,18,752,179,8,0
2015,18,959,184,12,0
2015,18,995,190,1,0
2015,24,325,194,5,0
2015,24,422,199,7,0
2015,24,428,204,10,0
2015,24,477,210,5,0
2015,24,516,215,6,0
2015,24,752,223,6,0
2015,24,959,227,10,0
2015,24,995,232,1,0
2015,325,422,1814,7,0
2015,325,428,1819,11,0
2015,325,477,1836,6,0
2015,325,516,1854,6,0
2015,325,752,1869,7,0
2015,325,959,1875,10,0
2015,325,995,1887,1,0
2015,422,428,2358,10,0
2015,422,477,2365,6,0
2015,422,516,2371,8,0
2015,422,752,2381,9,0
2015,422,959,2385,13,0
2015,422,995,2391,1,0
2015,428,475,2396,1,0
2015,428,477,2398,9,0
2015,428,516,2404,12,0
2015,428,752,2413,12,0
2015,428,959,2417,15,0
2015,428,995,2423,2,0
2015,475,752,2629,2,0
2015,475,959,2633,3,0
2015,475,995,2639,1,0
2015,477,516,2641,7,0
2015,477,752,2651,7,0
2015,477,959,2655,10,0
2015,477,995,2661,1,0
2015,516,752,2745,8,0
2015,516,959,2751,11,0
2015,516,995,2763,1,0
2015,752,959,3449,10,0
2015,752,995,3460,3,0
2015,959,995,3832,4,0
2016,19,25,140,6,0
2016,19,326,146,4,0
2016,19,423,151,4,0
2016,19,429,156,4,0
2016,19,478,164,3,0
2016,19,517,171,3,0
2016,19,753,180,2,0
2016,19,960,185,3,0
2016,25,326,195,5,0
2016,25,423,200,6,0
2016,25,429,205,6,0
2016,25,478,211,5,0
2016,25,517,216,4,0
2016,25,686,219,4,0
2016,25,753,224,4,0
2016,25,960,228,5,0
2016,25,997,233,4,0
2016,326,423,1815,4,0
2016,326,429,1820,4,0
2016,326,478,1837,2,0
2016,326,517,1855,3,0
2016,326,686,1858,2,0
2016,326,753,1870,2,0
2016,326,960,1876,3,0
2016,326,997,1888,2,0
2016,423,429,2359,4,0
2016,423,478,2366,2,0
2016,423,517,2372,3,0
2016,423,686,2376,1,0
2016,423,753,2382,2,0
2016,423,960,2386,3,0
2016,423,997,2392,1,0
2016,429,478,2399,3,0
2016,429,517,2405,3,0
2016,429,753,2414,2,0
2016,429,960,2418,3,0
2016,478,517,2642,2,0
2016,478,686,2646,1,0
2016,478,753,2652,1,0
2016,478,960,2656,1,0
2016,478,997,2662,1,0
2016,517,686,2734,1,0
2016,517,753,2746,1,0
2016,517,960,2752,2,0
2016,517,997,2764,1,0
2016,753,960,3450,1,0
2017,20,26,141,53,0
2017,20,327,147,38,0
2017,20,424,152,55,0
2017,20,430,157,41,0
2017,20,479,165,45,0
2017,20,518,172,57,0
2017,20,687,175,49,0
2017,20,754,181,1,0
2017,20,961,186,52,0
2017,20,998,191,56,0
2017,26,327,196,37,0
2017,26,424,201,60,0
2017,26,430,206,46,0
2017,26,479,212,46,0
2017,26,518,217,58,0
2017,26,687,220,53,0
2017,26,754,225,7,0
2017,26,961,229,54,0
2017,26,998,234,57,0
2017,327,424,1816,43,0
2017,327,430,1821,30,0
2017,327,479,1838,33,0
2017,327,518,1856,42,0
2017,327,687,1859,38,0
2017,327,754,1871,2,0
2017,327,961,1877,37,0
2017,327,998,1889,41,0
2017,424,430,2360,45,0
2017,424,479,2367,51,0
2017,424,518,2373,63,0
2017,424,687,2377,54,0
2017,424,754,2383,7,0
2017,424,961,2387,57,0
2017,424,998,2393,57,0
2017,430,479,2400,35,0
2017,430,518,2406,46,0
2017,430,687,2409,43,0
2017,430,754,2415,4,0
2017,430,961,2419,41,0
2017,430,998,2424,45,0
2017,479,518,2643,45,2
2017,479,687,2647,45,1
2017,479,754,2653,1,0
2017,479,961,2657,41,0
2017,479,998,2663,47,0
2017,518,687,2735,54,0
2017,518,754,2747,9,0
2017,518,961,2753,56,0
2017,518,998,2765,58,0
2017,687,754,3295,4,0
2017,687,961,3296,52,0
2017,687,998,3299,55,0
2017,754,961,3451,9,0
2017,754,998,3461,5,0
2017,961,998,3833,56,0
2018,21,27,142,33,0
2018,21,328,148,25,0
2018,21,425,153,38,0
2018,21,431,158,25,0
2018,21,480,166,26,0
2018,21,519,173,34,0
2018,21,688,176,26,0
2018,21,962,187,20,0
2018,21,999,192,16,0
2018,27,328,197,35,0
2018,27,425,202,51,1
2018,27,431,207,37,0
2018,27,480,213,34,0
2018,27,519,218,44,0
2018,27,688,221,38,0
2018,27,962,230,30,0
2018,27,999,235,29,0
2018,328,425,1817,42,0
2018,328,431,1822,31,0
2018,328,480,1839,30,0
2018,328,519,1857,35,0
2018,328,688,1860,33,0
2018,328,962,1878,20,0
2018,328,999,1890,24,0
2018,425,431,2361,42,0
2018,425,480,2368,42,0
2018,425,519,2374,52,0
2018,425,688,2378,41,0
2018,425,962,2388,30,0
2018,425,999,2394,29,0
2018,431,480,2401,34,0
2018,431,519,2407,38,0
2018,431,688,2410,32,0
2018,431,962,2420,18,0
2018,431,999,2425,18,0
2018,480,519,2644,34,0
2018,480,688,2648,32,0
2018,480,962,2658,21,0
2018,480,999,2664,21,0
2018,519,688,2736,37,0
2018,519,962,2754,29,0
2018,519,999,2766,28,0
2018,688,962,3297,22,0
2018,688,999,3300,21,0
2018,962,999,3834,12,0
2019,22,432,159,2,0
2019,22,520,174,1,0
2019,426,432,2362,5,0
2019,426,481,2369,5,0
2019,426,520,2375,4,0
2019,426,689,2379,6,0
2019,426,963,2389,3,0
2019,432,481,2402,5,0
2019,432,520,2408,5,0
2019,432,689,2411,5,0
2019,432,963,2421,4,0
2019,481,520,2645,4,0
2019,481,689,2649,7,0
2019,481,963,2659,4,0
2019,520,689,2737,5,0
2019,520,963,2755,3,0
2019,689,963,3298,4,0